,total_sqft
0,1056
1,2600
3,1521
5,1170
11,2785
12,1000
14,2250
15,1175
16,1180
17,1540
18,2770
21,1755
22,2800
24,510
26,660
28,1151
29,1025
30,2475
31,1075
32,1760
33,1693
35,700
37,1724
41,1254
42,600
44,1330.74
46,970
47,1459
50,1270
51,1670
52,2010
53,1185
54,1600
55,1200
57,1500
61,845
62,5700
63,1160
66,1140
71,1358
72,1569
73,1240
74,2089
77,2511
80,1660
82,1326
84,1499
87,708
88,1060
90,1000
94,1296
96,2894
100,2502
101,650
102,2400
103,1007
104,1200
107,1640
109,1260
111,1413
112,1116
113,1530
115,2497
116,1540
120,1427
121,2061
122,5611
124,1282
126,1600
128,1500
130,1870
131,1600
132,880
134,1535
135,950
136,1360
137,1073
139,1260
141,3050
142,1563.05
144,1167
147,890
148,1612
150,1710
151,957
154,1125
155,1020
157,1735
158,2050
161,1063
162,1904
164,2000
165,1242
166,1425
167,1500
168,1060
169,1470
171,450
172,1152
173,1350
174,1550
178,705
179,770
180,1242
181,1700
182,2144
183,1704
184,1070
187,1025
188,1277
189,1200
191,1550
194,1200
195,1327
198,1400
202,1225
204,1260
205,1282
206,1909
207,1359
211,1595
213,1475
214,1580
215,1295
217,589
219,1787
220,1787
221,1475
223,984
225,2405
226,1080
230,1153
231,1148
232,1110
233,1100
234,1290
237,1933
240,645
242,645
243,1644
244,1285
246,910
247,1577
248,4050
249,2420
250,800
252,1270
257,1108
259,3045
260,2900
261,1500
262,1295
263,1162
264,1035
265,1600
267,1866
268,700
269,1804
271,1868
275,2026
276,1210
277,4111
278,1762
279,1252
280,861
281,1420
283,1490
285,1425
286,1200
288,1084
289,1015
290,1017
292,1069
293,1349
294,1005
295,1417
297,950
298,2000
300,1863
301,1010
302,1425
303,1450
304,1847
305,1100
306,525
307,1665
308,1664
309,1850
310,1438
311,1560
313,1550
317,1280
319,1113
320,1385
321,1128
324,2390
326,1464
328,1200
329,1150
330,1645
333,1192
334,2135
335,1173
336,1020
337,3122
341,1250
342,1325
343,1850
347,1260
348,1800
349,11
350,1100
351,1508
352,1592
353,1388
354,630
358,3252
359,1116
360,1308
364,1075
365,530
367,1075
368,930
369,1380
370,2483
371,1166
372,1050
373,2023.71
374,1200
375,1600
376,1935
377,451
378,1800
379,1400
380,1801
383,1160
385,950
388,1826
389,1245
390,1145
391,825
392,1693
393,1113.27
394,1460
395,1050
396,1260
398,1656
399,1208
400,1910
401,3252
404,1175
407,2390
412,750
414,1550
415,1760
416,1125
421,1991
422,1060
423,1105
424,985
426,1590
427,1120
428,1069
429,1933
430,1194
431,1150
433,1419
436,1450
437,1630
438,708
441,1250
442,1400
444,1750
445,1404
446,1715
447,630
448,1752.12
450,1295
451,1800
452,1346
454,1150
455,3309
456,1190
457,1620
459,5000
460,2450
461,1220
462,850
465,1150
466,1760
471,900
473,1130
474,1320
476,1200
479,929
480,1150
483,1200
488,1130
489,1753
490,4500
492,1196
493,1150
494,1128
495,1000
496,1035
498,1075
499,1040
501,1511
503,1545
507,1000
508,883
509,1195
512,1246
516,2805
521,1353
522,1599
523,1150
524,5230
525,1155
529,1867
530,1251
531,1028
532,1222
533,1170
534,2400
536,1372
537,1282
538,5000
540,1135
542,1325
543,1599
549,1317
550,3450
551,1102
552,1350
557,525
558,656
560,1056
561,595
563,2225
564,1126
565,1490
567,1550
570,4144
571,2100
572,1404
573,2230
575,1305
576,1230
582,715
583,2500
584,1578
586,1020
587,1253
588,1180
589,961
591,1709
596,1260
597,1630
598,1249
599,1450
600,2791
602,834
606,891
607,1133
608,1075
616,1090
620,1920
621,1374
623,711
624,1500
625,1720
628,1200
629,1375
631,2250
632,1000
633,469
634,3800
635,883
636,1820
639,2500
643,750
649,2378
650,1128
651,1500
654,1100
655,1200
657,1641
659,1260
661,1132
662,1210
664,1075
665,1702
666,1630
667,1141
672,4046
674,35000
683,1875
685,1200
686,1140
687,1683
689,2118
693,2300
694,1240
695,1750
698,985
699,1500
701,950
705,1090
708,810
709,1045
710,1337
712,1580
713,1500
714,1640
715,1570
716,1470
718,1050
719,1855
720,1460
722,1094
723,1153
724,1325
726,1590
729,1202
731,1200
732,1688
733,1020
734,1185
735,1235
736,3205
738,1415
739,2330
740,805
742,1155
745,1100
748,1468
749,4300
750,2280
751,1341
753,2225
754,1185
755,1750
756,1152
758,1300
761,1101
763,667
764,1070
765,1875
766,735
769,1215
771,820
772,1177
773,1779
774,1105
776,1650
777,1694
778,2376
780,674
781,1185
782,445
785,1618
786,1120
787,2181
790,1556
791,1179
792,1296
793,1275
796,1222
797,940
798,1185
799,1779
800,1615
802,1056
804,920
805,1602
809,1717
811,2119
812,1246
813,1141
815,1025
816,650
817,1349
818,1566
819,2830
822,1091
823,3670
825,1950
827,1705
828,1375
829,525
831,1114
832,1450
835,1000
836,1128
837,1180
841,1339
843,1040
846,1691
847,1075
850,1122
851,1665
853,1142
854,1976
862,1175
863,1200
864,995
865,884
867,1170
868,1225
869,1342
871,1320
873,1140
874,1300
876,2072
878,1360
879,1145
880,1540
881,1278
882,630
883,1100
884,1200
886,[]
887,1015
894,1180
895,1116
896,1070
897,1385
900,1005
901,1575
902,975
903,1904
905,525
907,2400
910,1174
912,2225
913,1250
914,918
917,1170
920,1710
921,1082
926,1554
927,1142
930,1045
932,1935
934,1680
935,2470
936,2825
937,2480
940,1799
942,400
943,1047
944,1282
947,1495
948,3260
950,3500
952,1500
954,1540
955,1639
957,1303
958,1005
959,[]
960,1305
963,1440
965,1725
969,1535
971,1464
972,1350
978,650
980,950
984,1190
987,1891
989,1161
990,[]
993,665
995,1425
998,1255
999,2112.95
1001,1810
1006,1400
1007,1485
1009,1025
1013,2268
1014,1100
1015,1141
1016,400
1023,1843
1026,1530
1029,1246
1030,711
1031,1194
1032,1358
1034,1420
1037,1209
1040,1315
1043,1600
1045,1563
1046,1560
1050,3235
1052,1140
1055,1100
1057,1036
1058,1662
1059,1464
1060,1234
1061,1403
1065,3900
1071,1405
1073,2805
1074,1161
1075,1290
1076,2557
1077,1480
1079,1350
1080,1580
1083,1346
1088,1200
1089,1340
1091,918
1092,1500
1093,1315
1096,1330
1098,1824
1099,1420
1101,1260
1102,1561
1106,1225
1107,2144
1109,880
1110,1639
1111,1240
1113,1243
1116,1082
1118,1665
1119,1265
1120,1691
1121,1100
1124,3205
1126,1115
1127,1070
1128,1128
1129,1162
1130,1339
1131,1192
1132,1920
1133,1255
1134,1357
1136,1225
1137,2400
1139,1093
1140,1865
1142,1039
1143,1246
1144,1985
1145,1590
1146,4000
1147,775
1148,1000
1149,1800
1150,1035
1151,1520
1152,1360
1153,6000
1154,1117
1155,1200
1156,1330
1157,1937
1158,1128
1159,1053
1160,1198
1161,1152
1163,1625
1164,1397
1165,1523
1166,883
1167,700
1168,1170
1169,1200
1172,1897
1174,1875
1176,3095
1177,1390
1178,1450
1179,697
1180,710
1181,910
1182,1025
1183,1000
1186,3335
1187,[]
1190,1024
1191,1620
1192,1254
1193,1300
1196,1510
1197,950
1198,1945
1199,1008
1200,1265
1201,1255
1202,2689
1204,1403
1205,1535
1207,1475
1210,1133
1215,1697
1217,1560
1218,1192
1221,1349
1223,1680
1226,820
1227,5000
1229,856
1230,1621
1232,1484
1234,14000
1235,500
1239,550
1240,1384
1242,1150
1244,2150
1247,1508
1248,1040
1249,1240
1250,1535
1251,1180
1253,1400
1255,4800
1256,1984
1257,3000
1258,1960
1259,1035
1261,1700
1262,3024
1263,1586
1265,2325
1266,1120
1268,1128
1270,924
1271,1600
1273,1200
1276,957
1277,1140
1278,1050
1280,1190
1282,1558.67
1284,1403
1285,1542
1286,2750
1287,3596
1291,1596
1292,1009
1293,1726
1294,1535
1296,3100
1298,665
1301,925
1303,1395
1304,1415
1305,1419
1306,1121
1308,1100
1309,1606
1311,4634
1312,1206
1313,1495
1315,710
1317,1523
1318,1232
1319,680
1320,1355
1321,1430
1323,1070
1327,1610
1328,1140
1329,1143
1330,3467.86
1331,1530
1332,980
1333,1485
1334,1500
1335,1280
1336,1265
1338,1262
1339,940
1341,1300
1343,890
1345,2060
1346,1730
1347,2195
1351,1085
1358,1639
1360,1739
1362,935
1363,510
1365,1178
1366,1375
1367,1065
1373,1835
1374,2090
1375,1519
1376,1267
1377,1150
1378,1146
1380,1550
1381,850
1386,1610
1387,921
1390,1700
1391,1020
1392,1090
1395,1185
1396,850
1397,1197
1398,3500
1401,1105
1402,1850
1403,1300
1405,3073
1410,900
1414,1654
1417,1367
1418,1010
1420,1535
1424,1330
1425,2500
1427,1410
1429,1614
1430,1363
1436,930
1441,1890
1442,2197
1443,3522
1445,1440
1447,764
1449,1693
1450,1445
1451,900
1453,1381
1454,1100
1457,1200
1458,1080
1461,1865
1462,1157
1463,674
1464,1405
1465,1160
1467,1790
1468,1128
1469,1180
1474,1125
1475,1246
1476,1372
1477,1330
1478,2465
1482,1065
1484,687.32
1485,1050
1487,865
1489,1756
1491,628
1494,1765
1496,1532
1497,1650
1499,[]
1502,1200
1503,1385
1504,1010
1505,2225
1506,1180
1510,400
1511,1200
1512,1272
1513,1205
1514,980
1517,1610
1518,1694
1520,950
1521,1560
1526,910
1528,1291
1530,1012
1532,1282
1533,1843
1535,3356
1536,2790
1537,1330
1538,1400
1541,1297
1542,[]
1543,1490
1544,1373
1549,1750
1550,1052
1555,1128
1557,1120
1560,1090
1563,1330
1564,1427
1566,1580
1568,1808
1569,3516
1570,1194
1571,900
1573,900
1579,1390
1581,845
1582,1537
1584,1512
1586,1230
1587,1378
1588,1277
1589,1985
1591,1210
1595,3198
1597,2483
1599,4111
1600,975
1602,1690
1603,1063
1606,1600
1608,520
1610,1390
1611,1185
1612,1219
1613,1564
1614,3430
1615,1100
1616,1300
1619,1482
1620,1000
1626,1469
1629,1205
1631,1745
1632,1028
1633,1700
1634,1200
1635,2700
1636,1100
1638,1269.72
1639,1266
1640,1060
1641,1168
1642,1552
1643,2038
1644,500
1647,1300
1648,920
1650,1310
1652,1515
1653,1157
1655,3000
1658,1530
1659,2070
1660,1815
1661,3900
1662,1000
1664,1232
1665,1282
1666,654
1668,1075
1670,1616
1673,1306
1674,1626
1676,1585
1679,1495
1683,3715
1690,1645
1691,1760
1692,595
1693,1200
1694,4624
1695,1410
1698,1300
1699,1890
1700,1254
1704,1170
1705,1193
1707,1678
1708,1600
1709,1750
1712,1500
1713,2800
1715,1000
1717,1320
1719,2422
1720,1100
1721,882
1722,845
1723,883
1725,1595
1726,1280
1728,920
1729,1300
1730,1450
1731,1757
1736,1330
1737,1062
1738,1078
1739,1460
1743,142.61
1745,2028
1746,980
1747,1000
1748,1050
1750,1875
1755,1725
1757,1128
1759,1705
1762,1100
1764,812
1767,1420
1774,2800
1776,1650
1777,840
1778,914
1779,1482
1780,1724
1781,1670
1785,927
1787,1220
1788,1360
1790,1180
1791,1697
1793,1225
1794,1690
1797,1250
1798,1050
1800,1699
1801,1205
1805,1476
1807,2160
1808,1296
1810,1570
1811,1300
1813,770
1816,1429
1818,1035
1821,1574
1822,884
1824,1026
1828,2690
1829,975
1834,1700
1835,3606
1836,1258
1838,3630
1839,2000
1840,2790
1841,1494
1842,1482
1843,800
1845,1100
1847,1225
1850,1180
1851,1260
1853,1190
1854,1691
1862,1250
1865,800
1866,1020
1872,1510
1874,1614
1878,1632
1881,3012
1883,1450
1884,1200
1886,1508
1888,1188
1889,2690
1890,1174
1891,1350
1892,1870
1893,1072
1895,726
1896,1345
1897,1200
1899,1050
1902,1743
1906,950
1907,640
1908,972
1909,1840
1910,1128
1912,2400
1916,1150
1917,3450
1919,920
1921,1564
1922,1045
1925,2479.13
1926,1846
1930,3042
1931,1640
1932,1068
1933,1135
1938,1150
1943,1354
1946,1320
1948,3500
1949,1000
1950,1130
1952,2204
1956,1745
1960,1550
1962,1329
1963,916
1964,688
1965,1358
1966,1331
1967,686
1968,1050
1969,2106
1970,1718
1971,1530
1973,1075
1975,1936
1976,2172.65
1981,1117
1982,1685
1983,740
1986,1800
1987,1700
1988,850
1989,1891
1990,1400
1993,896
1994,1180
1996,850
1999,1699
2000,2025
2002,500
2004,2475
2005,1455
2008,1521
2010,3155
2012,1765
2013,1980
2015,1265
2016,1034
2018,1070
2022,2045
2023,1490
2026,671
2027,1156
2028,2017
2029,3122
2030,1635
2032,1296
2034,1139
2037,1245
2039,3951
2040,550
2041,360
2043,1670
2046,1050
2048,1210
2050,1140
2051,1343
2053,925
2054,1420
2055,1415
2056,1210
2057,1852
2058,1250
2059,1100
2061,1100
2062,1350
2063,1546
2064,1424
2065,1398
2066,1650
2068,1476
2070,1322
2074,1285
2075,1150
2076,1430
2079,1185
2080,1760
2083,1297
2084,1840
2087,950
2088,1277
2089,1571
2090,1031
2091,1485
2092,1109
2094,950
2096,1161
2098,1003
2101,1255
2106,1875
2109,1330
2113,2519
2115,1450
2116,1837
2118,1238
2119,1405
2122,1673
2124,1112
2126,545
2127,985
2128,[]
2130,1430
2131,1050
2134,1533
2137,1750
2139,1352
2140,1754
2141,1560
2142,3012
2144,1470
2145,1035
2148,1100
2150,595
2151,1650
2155,1235
2157,1400
2160,1375
2163,1065
2166,825
2169,1440
2170,870
2171,1195
2173,1530
2175,975
2178,1920
2180,1183
2182,1550
2183,1110
2185,1105
2191,3067
2192,1929
2193,1525
2194,1775
2195,1125
2199,1268
2200,1500
2201,630
2202,1525
2203,1060
2204,1687
2205,1847
2206,1410
2207,1075
2211,1010
2212,1875
2214,983
2216,1140
2217,1215
2219,2039
2226,1350
2228,1128.76
2229,921
2230,1010
2231,1015
2233,1179
2235,870
2238,2475
2241,1000
2244,1200
2246,1255
2247,1085
2250,1934
2251,1200
2252,3600
2253,935
2254,877
2255,936
2258,1232
2259,2225
2261,1901
2262,1819
2265,3715
2266,5000
2273,1845
2275,1140
2277,2254
2278,1750
2279,1020
2281,1893
2282,3025
2285,1075
2287,1200
2288,1233
2289,1255
2296,1525
2298,1240
2299,1245
2301,1104
2302,1075
2304,1155
2305,1520
2306,3122
2307,1290
2313,900
2315,987
2316,1720
2317,1040
2319,1030
2320,2556
2321,1850
2324,1270
2327,1050
2329,946
2330,1726
2331,2121
2332,1404
2334,1025
2341,4800
2342,1040
2343,1310
2344,1788
2345,1144
2351,1646
2352,4395
2354,1995
2356,1085
2357,1139
2359,1767
2361,1692
2363,1345
2364,1100
2365,1408
2369,2072
2370,1420
2377,1063
2383,1430
2386,1760
2387,2010
2388,1480
2392,4850
2393,1100
2394,1752.12
2396,[]
2397,1942
2398,1000
2399,668
2403,1800
2405,1036
2406,1583
2408,1100
2410,1246
2411,850
2412,1196
2413,1697
2417,3750
2419,1022
2420,1018
2422,1322
2423,1800
2426,2400
2427,1635
2428,3526
2430,2770
2431,3035
2432,1533
2433,1720
2435,1185
2437,395
2438,1031
2440,2650
2442,1330
2443,1259
2444,1570
2445,1075
2446,1216
2447,1428
2450,1475
2453,1804
2456,1260
2458,2160
2462,1300
2463,605
2465,1444
2470,845
2471,700
2473,1625
2475,1452.55
2478,1139
2480,1660
2481,1170
2482,1448
2483,1762
2484,1105
2485,1825
2486,296
2488,1185
2489,1320
2490,1058
2493,1200
2497,1550
2501,2503
2502,2524
2507,1045
2508,1290
2509,1400
2513,1680
2522,1634
2523,1352
2524,1145
2526,2200
2529,1168
2530,1205
2531,1195
2534,1550
2537,1603
2541,1405
2542,1142
2544,1870
2545,1313
2546,1945
2547,1573
2548,1255
2551,1380
2558,1279
2561,2526
2564,1845
2565,1360
2567,1260
2569,965
2570,1350
2571,1447
2574,1153
2575,2856
2576,1065
2577,1030
2581,1410
2582,1055
2583,1304
2585,990
2587,[]
2589,1300
2590,1239
2591,1403
2592,1365
2593,1165
2595,1776.42
2598,1107
2600,1520
2601,1536
2603,1050
2604,1850
2605,1112
2609,1250
2610,1187
2612,1395
2613,2072
2614,1450
2615,1550
2617,3067
2618,1210
2619,1075
2620,11338
2622,1470
2624,1590
2625,1050
2626,1306
2627,2000
2630,3190
2631,1215
2632,1920
2636,1196
2637,1550
2638,1418
2640,1115
2641,1170
2642,1035
2644,750
2645,1917
2646,1615
2648,1325
2651,1246
2652,1215
2653,1200
2655,1200
2658,1175
2659,920
2660,3024
2664,955
2665,1750
2666,1425
2667,2150
2669,1050
2670,1370
2671,1374
2672,1754
2673,1847
2674,1850
2675,3297
2676,1187
2680,3000
2681,693
2682,1980
2683,1021
2684,1165
2685,1756
2686,1739
2689,950
2692,1080
2693,1100
2694,3200
2695,1311
2696,1608
2698,1170
2700,1255
2702,674
2706,2257
2708,1530
2710,1575
2711,3500
2712,1263
2713,1559
2714,1043
2715,1255
2716,1352
2717,590
2718,1550
2720,1900
2723,1455
2724,1035
2726,1299
2727,1157
2728,1050
2736,1025
2737,1124
2738,1012
2739,4500
2740,871
2741,1020
2742,1550
2744,1410
2745,3500
2746,1118
2747,1098
2749,1145
2751,1051
2754,1478
2755,645
2756,823
2759,1991
2761,1745
2766,1450
2769,1843
2772,1132
2773,1375
2775,760
2777,918
2780,1372
2782,1728
2783,2215
2784,1200
2787,1455
2788,440
2789,1500
2793,1225
2796,880
2800,1005
2801,1562
2802,5000
2807,1190
2808,1070
2810,1020
2813,1300
2814,1420
2816,1069
2817,1900
2818,1655
2819,1155
2820,1300
2821,1100
2822,1030
2823,2105
2824,1700
2825,1760
2829,912
2831,1535
2832,1243
2833,918
2834,1500
2836,1476
2838,606
2841,527
2842,1300
2845,1140
2847,2321
2849,1725
2850,3067
2851,1186
2852,1230
2858,660
2859,1036
2861,1100
2865,1015
2868,2167
2870,1165
2871,1274
2872,1151
2874,1626
2880,1570
2881,[]
2882,780
2888,904
2889,1121
2890,1385
2891,1270
2892,1450
2895,1580
2896,1111
2898,977
2901,2540
2902,1290
2904,795
2905,700
2906,1463
2910,1670
2911,1875
2912,1200
2914,2065
2915,1225
2916,1185
2917,900
2918,1350
2919,700
2920,1005
2923,1043
2925,1040
2926,1357
2933,1549
2934,1400
2935,1080
2936,1180
2938,1800
2939,1225
2941,1005
2942,1320
2945,1110
2948,1128
2949,1452.19
2951,2600
2952,2500
2955,960
2957,735
2959,2849
2960,1420
2962,850
2963,1575
2964,1418
2966,1065
2969,1160
2970,1092
2971,1194
2972,1455
2973,734
2974,799
2976,1100
2979,1128
2981,3875
2983,1098
2985,1460
2988,1091
2989,1180
2990,1366
2991,1685
2992,1260
2993,3010
2996,1346
2997,630
2999,1850
3001,755
3003,1194
3005,4235
3007,2250
3008,1352
3009,2002
3010,4000
3011,1060
3012,1419.59
3013,1196
3015,1595
3016,1260
3018,1550
3020,4000
3021,1662
3024,1862
3025,1419
3027,1560
3029,1634
3030,5530
3034,1392
3035,1798
3036,1675
3040,1700
3041,1248
3042,1147
3043,1100
3044,1527
3046,525
3047,1100
3050,2100
3052,1332
3055,1243
3058,1200
3059,1251
3060,883
3061,1400
3062,1800
3063,1703
3066,933
3068,1262
3069,915
3070,1370
3071,1210
3072,2392
3078,1445
3079,1300
3081,1300
3082,1185
3091,1385
3093,1149
3094,2180
3097,1200
3098,1818
3100,1640
3101,1350
3103,1430
3106,1084
3107,1186
3108,1255
3109,3400
3110,1541
3111,3596
3112,1295
3115,1370
3116,1100
3117,4772
3118,1370
3120,1200
3127,1178
3128,1286
3129,1160
3130,918
3131,1563
3134,3960
3136,1325
3137,1100
3138,3875
3139,1605
3141,1260
3142,1553
3143,1280
3144,1550
3146,1550
3147,1515
3148,1332
3149,1652
3150,1570
3151,5400
3152,794
3154,3600
3158,2800
3159,1750
3161,1100
3162,1665
3163,4051
3165,1447
3166,1012
3167,1900
3168,1308
3173,1140
3174,3181
3176,1290
3177,1424
3179,1662
3180,8321
3181,1200
3184,1777
3186,1576
3189,648
3190,1167
3193,2350
3197,1991
3205,2721
3206,2000
3207,2500
3208,1325
3209,1314
3214,2220
3215,1192
3216,1420
3217,1888
3218,1300
3219,1216
3222,1290
3227,1900
3229,1300
3230,1115
3231,2409
3232,2150
3233,1305
3234,1252
3238,545
3240,1313
3243,1160
3245,1255
3247,900
3248,1700
3249,1875
3250,1700
3251,1749
3255,1200
3256,1610
3257,1070
3260,1210
3262,4190
3263,1364
3264,2268
3267,1345
3268,1110
3269,750
3270,1156
3271,1247
3273,950
3276,1520
3279,2350
3281,1672
3285,[]
3287,920
3288,1200
3289,1250
3292,1140
3294,1464
3295,1468
3296,1555
3298,1150
3301,1166
3302,2779
3303,1350
3306,1190
3307,1495
3308,1224
3309,1350
3310,940
3311,1100
3312,1300
3315,2600
3316,1517
3321,1365
3322,1000
3323,1392
3325,1586
3327,1065
3329,1575
3332,1745
3333,1223
3335,1200
3336,665
3337,1351
3338,1355
3344,1370
3348,1247
3350,1020.07
3352,1460
3356,2912
3358,1665
3359,1295
3360,1230
3362,1000
3364,[]
3366,1697
3367,3537
3368,615
3369,1350
3371,1083
3372,1460
3374,1035
3376,460
3378,1285
3380,1200
3381,1070
3382,1801
3383,1697
3384,1199
3385,2300
3387,3800
3389,1125
3391,1050
3392,956
3393,1000
3394,1596
3396,1296
3398,1639
3399,1219
3403,2559
3405,1427
3407,920
3411,1530
3413,2363
3414,3895
3415,1950
3416,885
3420,1339
3421,1130
3423,1430
3424,1451
3429,925
3430,3016
3432,1215
3434,1336
3435,673
3444,1470
3446,1785
3453,650
3455,1220
3456,1570
3458,1665
3460,4000
3462,1350
3463,1719
3464,664
3465,1011
3468,[]
3470,1520
3471,1350
3473,875
3474,1231
3475,1174
3476,1560
3480,1750
3484,2408
3485,1080
3488,1500
3492,1030
3493,1440
3494,1500
3496,1200
3498,2240
3499,1584.01
3500,1340
3501,1800
3503,685
3504,925
3505,1230
3507,1125
3509,2400
3510,1400
3512,1858
3514,3530
3519,1335
3522,1397
3525,1200
3529,1140
3530,525
3533,1205.47
3535,1700
3537,1090
3540,923
3541,3595
3542,1050
3543,1495
3547,1400
3549,944
3551,1216
3553,1743
3554,1274
3556,1512
3559,1875
3565,1151
3566,832
3567,915
3569,1115
3570,2072
3571,1200
3572,1300
3573,1457
3574,1262
3577,420
3582,1127
3583,1397
3587,1230
3589,858
3590,1868
3591,1689.28
3597,1310
3600,1397
3601,1157
3603,1157
3604,1241
3605,660
3606,4000
3607,2340
3608,596
3610,1200
3611,1910
3612,1139
3613,3122
3615,1168
3617,1340
3618,1405
3620,1750
3621,1360
3623,985
3625,1850
3626,1490
3627,620
3629,1080
3631,1410
3633,1290
3634,1318
3635,1128
3636,4428
3637,1051
3639,2400
3640,1327
3641,2912
3642,1301
3648,1000
3649,984
3650,1819.18
3652,1355
3653,2145
3654,2475
3658,1304
3659,1615
3660,1400
3661,1070
3662,3500
3663,1132
3666,794
3667,1090
3668,1500
3669,2059
3670,525
3671,1447
3672,1269
3674,1070
3677,1185
3680,1015
3684,902
3687,1365
3688,984
3691,1300
3694,1550
3697,4025
3698,1845
3699,1676
3700,1137
3701,1360
3702,1374
3709,1790
3712,1033
3714,2940
3715,1240
3717,883
3718,1500
3719,1730
3721,1545
3726,1200
3729,1682
3730,1371
3733,1730
3735,1500
3738,1203
3740,1600
3741,350
3742,1665
3746,1444
3748,1521
3751,2760
3752,1325
3756,650
3759,769
3760,1571
3761,1445
3762,1590
3763,902
3766,1712
3770,1920
3773,1089
3774,1106
3776,1339
3777,923
3779,1175
3780,975
3781,2400
3782,1330
3783,1183
3786,1255
3788,1100
3789,1170
3791,1530
3792,1420
3795,1591
3796,1680
3798,1055
3799,1918
3800,1280
3801,1560
3802,1145
3803,2106
3806,1718
3807,1306
3808,1320
3811,3800
3812,1344
3816,1190
3817,1000
3818,2400
3819,1000
3820,2113
3823,1884
3824,1110
3825,1027
3829,1200
3830,703
3832,1195
3833,1302
3834,1583
3835,1488
3837,1385
3839,1600
3840,1150
3844,1299
3846,1282
3848,861
3849,1600
3851,1390
3856,1195
3858,1159
3859,1386
3860,1197
3861,2690
3863,1295
3865,1132
3866,2350
3868,1645
3871,1937
3872,1015
3874,1350
3875,1149
3879,1500
3880,1566
3883,1290
3885,1839
3887,1400
3888,550
3889,1140
3890,1343
3892,1100
3893,1200
3895,2830
3896,1315
3897,1141
3898,1080
3899,1200
3900,1111
3902,1275
3905,1135
3907,1535
3908,1392
3909,1050
3910,1513
3911,1621
3912,892
3913,1205
3914,1355
3918,1400
3919,726
3920,1500
3923,1170
3924,1104
3925,950
3926,4818
3927,1650
3928,1559
3929,1100
3930,1750
3931,1215
3932,1868
3934,1570
3937,1225
3940,1896
3941,605
3943,900
3947,3416
3948,3216
3951,1092
3952,1255
3953,1500
3954,1296
3956,1023
3958,1020
3959,1530
3961,1605
3965,1140
3966,1725
3967,1075
3968,1574
3970,1550
3971,1205
3972,1082
3973,1215
3974,2483
3979,1452
3980,1329
3984,1312
3985,2600
3987,1220
3988,1255
3989,1904
3992,2135
3997,800
3999,1500
4000,1880
4001,1440
4008,1097
4009,1070
4010,1000
4013,1900
4015,937
4016,1075
4020,936
4023,1350
4024,1325
4025,1174
4026,1890
4030,1653
4031,1075
4032,1212
4033,1100
4034,3436
4038,1532
4039,2776
4040,1531
4042,1325
4044,1156
4046,1260
4047,1934
4049,1476
4050,1185
4051,1265
4059,1195
4063,1180
4064,1050
4069,929
4070,1252
4071,1485
4072,1124
4075,1482
4077,1570
4079,520
4080,2000
4081,1352
4082,1152
4084,1965
4085,1300
4088,1740
4095,1788
4096,1151
4097,1300
4100,1645
4102,1175
4104,1150
4107,1007
4110,4000
4117,1080
4118,1070
4119,1532
4120,1040
4121,3100
4122,1137
4123,1430
4128,1827
4129,1210
4130,1500
4132,1251
4133,1600
4134,1128
4135,1820
4136,2072
4137,1510
4138,1925
4139,2651
4140,2072
4141,1000
4142,1752
4143,960
4144,1180
4145,2270
4148,1180
4151,1300
4152,1305
4153,2006
4154,1290
4155,1170
4157,1400
4158,1200
4159,1155
4160,1725
4161,700
4163,1112
4165,1274
4166,915
4168,760
4169,1540
4171,1645
4174,2342
4176,1056
4179,1161
4180,1097
4181,850
4182,1715
4184,1200
4188,1400
4189,1500
4190,[]
4192,1640
4193,1700
4200,1110
4201,1627.86
4202,620
4203,3004
4204,1133
4205,1182
4206,1500
4208,1200
4209,1128
4212,1100
4213,635
4215,1874
4217,1171
4220,1315
4221,1760
4223,1192
4224,1645
4225,1250
4226,[]
4229,1369
4232,1938
4234,1636
4235,1430
4237,993
4240,1270
4243,7500
4245,1109
4246,1280
4249,1600
4251,607
4257,1418
4259,1125
4260,1825
4261,1320
4263,1490
4265,750
4266,1400
4267,4104
4272,965
4274,1100
4275,1180
4276,1145
4280,1015
4281,2400
4282,3000
4285,1300
4286,1300
4287,1512
4288,1053
4289,[]
4290,1153
4292,1255
4294,1583
4295,1505
4298,1810
4300,975
4302,1530
4303,1300
4305,1308
4306,1194
4309,1592
4310,1222
4311,1267
4312,656
4313,3400
4316,1698
4317,1500
4319,1152
4321,900
4323,1419
4326,990
4328,1100
4330,1095
4332,1444
4333,1415
4335,1600
4336,1105
4337,1225
4338,2560
4341,1856
4342,1464
4344,1150
4347,1485
4348,2500
4350,1036
4351,3445
4352,1400
4354,1150
4355,715
4358,2283
4361,1400
4362,1400
4363,1700
4364,1591
4365,1515
4367,975
4368,1382
4370,1533
4371,3815
4373,3730
4375,1391
4376,1160
4381,1482
4382,1405
4383,1190
4384,1174
4386,1411
4387,745
4388,1000
4389,923
4390,1000
4391,1276
4392,1460
4394,833
4397,1200
4398,669
4401,1790
4405,1345
4408,1385
4409,1207
4410,1140
4411,1220
4413,3596
4414,1965
4415,1760
4416,1225
4419,1891
4420,1322
4422,3600
4423,1045
4424,1545
4425,1996
4426,1125
4427,1560
4429,3100
4430,780
4432,2275
4433,1350
4434,1464
4435,1570
4436,708
4437,1680
4438,1400
4439,1310
4441,1175
4442,1428
4452,1842
4453,1146
4454,440
4455,1048
4456,1801
4457,1232
4458,1150
4459,1868
4460,1445
4461,1466
4463,3860
4464,1185
4472,1760
4475,1000
4476,1215
4477,1734
4479,1113
4481,1240
4484,896
4486,1200
4488,2790
4491,1500
4493,1096
4497,2987
4498,2503
4500,1550
4501,1830
4502,1746
4505,645
4506,1305
4507,1207
4508,1678
4509,950
4511,1070
4512,1732.46
4513,1639
4514,1360
4518,1656
4519,985
4521,1050
4523,1600
4524,1253
4528,1655
4530,1418
4531,1270
4532,1410
4537,1200
4538,1410
4539,1200
4542,1060
4543,3960
4547,950
4550,1235
4551,722
4552,2775
4553,1200
4555,1225
4557,705
4558,1880
4560,1550
4561,1893
4562,1650
4563,1113
4566,1586
4567,4000
4568,1541
4569,1830
4572,1015
4573,1120
4574,706
4577,1900
4579,3000
4580,1075
4581,1290
4582,1200
4583,1150
4587,1730
4594,3216
4596,1991
4597,1115
4598,1900
4599,1109
4600,2340
4602,4356
4603,1005
4604,416
4605,1394
4606,2138
4607,1550
4608,1300
4609,1265
4611,1050
4613,1012
4614,1600
4615,1326
4619,1700
4620,[]
4622,4960
4623,2254
4625,2462
4627,615
4629,575
4630,1025
4631,1758
4632,3179
4633,1342
4634,1800
4637,1608
4639,1410
4642,3800
4643,909
4645,1080
4647,1092
4648,1932
4649,1156
4651,1330
4652,1917
4653,985
4660,1785
4662,1645
4663,1235
4665,662
4667,1215
4668,845
4669,1525
4670,1000
4671,1255
4672,1560
4674,1620
4675,1595
4677,835
4678,2182
4681,2700
4682,1070
4685,755
4686,1645
4688,645
4692,919
4694,1346
4695,1070
4696,1225
4698,640
4701,1645
4702,1350
4703,1404
4704,1105
4705,900
4709,1948
4713,1252
4716,2600
4717,1300
4718,1130
4720,1690
4723,1020
4726,915
4727,1450
4728,2215
4729,2431
4730,1804
4731,1600
4732,1280
4733,1255
4734,1320
4735,1257
4736,1240
4738,1850
4739,1255
4741,1789
4743,660
4745,1155
4746,1235
4747,2675
4748,1025
4749,1395
4750,1530
4751,1252
4752,1081
4753,1255
4755,1220
4757,1180
4758,715
4759,1230
4760,1035
4761,3360
4762,1300
4763,1100
4764,1216
4766,705
4767,1385
4769,1310
4770,1043
4771,1320
4773,1140
4774,1100
4775,1586
4776,975
4777,1365
4778,1263
4779,1565
4780,1163
4781,2882
4782,2320
4783,1750
4784,1143
4785,1936
4786,660
4787,700
4789,4640
4790,1000
4791,1000
4792,818
4793,1680
4794,2422
4795,1145
4796,1190
4797,1145
4804,700
4805,950
4807,1085
4809,1165
4810,1000
4811,1169
4813,1840
4814,1550
4816,1457
4819,1500
4821,1165
4825,1430
4828,900
4830,1500
4832,780
4833,1220
4834,1110
4838,1130
4839,1213
4840,900
4841,1199
4845,661
4847,1710
4848,1030
4849,1220
4854,1751
4855,800
4856,1255
4857,1778
4858,1100
4859,1480
4860,1358
4861,580
4862,1197
4864,1705
4865,1310
4866,1132
4869,1575
4870,1302
4872,2006
4876,435
4877,1590
4878,1140
4879,1090
4880,1922
4881,965
4883,1062
4884,1089
4885,1358
4886,1108
4887,1197
4888,1190
4889,3754
4890,1749
4891,1750
4893,1449
4895,1400
4899,1750
4900,1450
4901,1810
4902,1246
4903,1420
4904,2658
4907,1367
4908,2254
4909,1160
4911,1711
4913,1120
4914,950
4915,1560
4919,1340
4920,1846
4922,1205
4923,1140
4924,1140
4925,1300
4926,1051
4928,2500
4930,1135
4933,1665
4934,1220
4939,1351
4940,1636
4942,1464
4943,418
4944,1339
4945,2370
4946,1530
4947,1100
4949,1290
4951,1846
4952,1847
4953,3100
4954,1430
4955,935
4958,1590
4962,3520
4967,1632
4968,1000
4969,1065
4970,1520
4971,1075
4973,1539
4974,1342
4975,1004
4976,1295
4977,1098
4980,1450
4981,654
4984,1046
4985,1950
4986,1610
4988,1151
4989,1125
4993,1850
4994,1174
5002,1314
5004,1010
5009,1520
5011,1067
5013,955
5014,1418
5017,1366
5018,1090
5019,1250
5022,1470
5025,1494
5026,1445
5027,1397
5028,606
5029,861
5031,2461
5032,1205
5037,4500
5038,1200
5039,1450
5040,1139
5041,1530
5043,1575
5044,650
5046,1700
5047,1090
5049,1200
5050,700
5051,1437
5054,1036
5056,1125
5058,2215
5059,660
5062,1804
5063,1795
5064,1050
5065,2100
5072,940
5073,1280
5074,2155
5075,3200
5077,1255
5078,1388
5079,905
5080,1176
5081,1390
5086,1583
5088,1170
5090,1075
5092,1486
5094,4830
5096,1282
5097,2790
5098,2383
5099,1103
5100,1577
5101,1465
5102,1600
5103,1090
5104,1721
5106,1450
5107,1071
5108,2266
5109,2065
5110,1800
5113,1123
5114,1884
5116,1145
5117,1328
5118,950
5120,1115
5121,1318
5132,1235
5133,1200
5135,1146
5140,1070
5143,3080
5145,1400
5146,1123
5148,787
5149,1082
5153,1130
5156,1269
5159,2689
5160,1976
5161,1820
5162,1329
5165,1205
5167,1339
5170,1100
5174,810
5178,1100
5179,[]
5182,1925
5184,3339
5185,1475
5189,1300
5191,1559
5194,1410
5196,1339
5198,1104
5200,1550
5201,670
5202,1483
5203,1540
5208,1460
5209,1230
5210,1340
5212,2162
5213,919
5215,1733
5216,1221
5218,2550
5221,710
5222,1500
5223,3122
5224,2061
5226,1255
5228,1031
5229,1210
5230,950
5232,1161
5233,1303
5234,1418
5237,1015
5239,1010
5240,1508
5241,1275
5242,1460
5244,1110
5245,1832
5246,1088
5247,1564
5248,1030
5250,1700
5256,999
5258,1300
5259,1265
5261,1974
5262,1180
5264,1560
5266,1085
5267,1300
5268,1600
5270,795
5273,1475
5275,1345
5277,1706
5278,2100
5280,1260
5282,1260
5283,1045
5285,[]
5287,1113
5288,2774
5289,1210
5291,1155
5292,1132
5293,1359
5296,600
5299,1009
5300,1800
5301,1226
5303,1363
5306,2792
5308,1060
5309,1200
5311,1495
5313,1440
5314,1545
5315,1470
5317,1450
5319,1650
5320,1095
5322,1143
5323,1349
5324,1280
5326,1216
5328,1290
5330,1156
5331,1230
5332,1070
5334,1235
5335,1117
5336,1724
5338,600
5339,1930
5340,1216
5341,1452
5342,1355
5344,2145
5345,957
5346,925
5347,1550
5350,1115
5351,1692
5353,1385
5354,760
5355,1335
5356,910
5357,1610
5358,1341
5360,1285
5367,2448
5369,500
5371,1255
5372,1040
5373,1062
5374,[]
5375,950
5376,1216
5377,1300
5379,1033
5380,1390
5382,[]
5383,1140
5384,670
5385,2171
5386,1136
5387,1477
5389,1040
5394,1070
5395,1253
5396,1190
5397,1312
5398,750
5399,1615
5401,1745
5404,1220
5405,1793
5407,1385
5409,2017
5410,400
5412,960
5413,1125
5414,1551
5418,1060
5419,1384
5420,620
5421,1005
5424,2400
5425,1096
5430,3563
5432,1685
5433,1580
5434,1210
5435,1030
5437,1255
5438,1482
5439,1344
5442,3300
5444,1320
5445,1532
5446,1245
5450,2257
5452,1080
5454,1360
5457,1418
5461,1400
5465,1175
5466,1185
5467,2250
5468,1178
5469,36000
5470,825
5472,1113.12
5473,1718
5474,1010
5475,900
5479,1194
5482,1108
5483,3895
5484,700
5487,1250
5489,1140
5491,985
5492,982
5493,600
5494,2640
5495,1314
5497,1077
5500,1643
5502,1116
5503,1020
5505,1740
5507,1241
5508,1041
5509,1050
5511,1309
5513,1430
5514,1065
5518,1548
5519,2302
5521,1525.84
5522,1200
5526,918
5527,1255
5532,1227
5533,1255
5535,1198
5537,188.89
5538,2600
5539,2072
5540,797
5541,1350
5543,2215
5544,525
5550,1006
5552,1128
5554,1310
5555,1390
5558,1170
5559,1385
5561,1160
5562,1200
5563,1475
5564,1939
5565,850
5566,675
5567,1060
5568,1235
5571,1460
5572,1690
5573,850
5574,1843
5575,1680
5576,1047
5580,1095
5582,1200
5583,1100
5584,1685
5586,1050
5587,1465
5589,630
5590,1850
5593,1350
5594,1760
5595,1440
5596,1200
5597,1100
5599,1617
5600,1410
5601,1434
5603,1160
5604,1343
5606,2246
5608,1305
5611,1550
5612,1345
5613,975
5614,1140
5615,1152
5618,1800
5621,1762
5622,560
5624,1410
5625,1853
5627,1138
5628,2556
5631,[]
5633,1870
5634,1199
5640,1047
5643,1302
5645,1645
5650,1766
5653,1221
5655,1278
5656,1025
5657,1175
5658,[]
5663,625
5665,937
5667,750
5669,1475
5672,900
5673,1116
5678,1760
5679,4400
5680,1914
5681,1820
5682,1820
5683,1565
5684,1334
5686,914
5688,2145
5691,3940
5694,1255
5695,2777.29
5696,1014
5698,695
5699,2273
5702,1180
5703,2400
5704,850
5705,1200
5707,1769
5708,[]
5709,1554
5712,905
5716,1435
5717,3405
5718,1620
5723,1025
5724,1430
5725,1235
5726,1291
5727,1498
5728,2180
5733,1123
5734,1235
5737,984
5738,1305
5741,2790
5742,2010
5744,1277
5746,1265
5750,1442
5751,1224
5753,1233
5755,1449
5756,1090
5759,1200
5761,1000
5762,2400
5763,1732
5764,1290
5766,1917
5767,1100
5769,2774
5771,1425
5772,1655
5773,2805
5779,1800
5781,2050
5782,530
5783,2585
5784,883
5786,1295
5787,1275
5790,1063
5791,656
5793,881
5795,700
5797,1680
5798,1253
5799,1640
5802,2100
5803,1070
5806,1125
5808,1210
5810,1500
5811,1652
5812,1381
5813,1085
5814,905
5815,1685
5816,1200
5817,1151
5818,3532
5819,1665
5820,800
5822,1030
5823,1257
5824,1600
5825,1465
5826,1650
5830,1300
5831,1000
5832,1146
5835,2159
5836,1255
5837,1130
5838,1200
5839,1040
5842,1180
5846,1374
5848,[]
5852,2384
5854,1200
5855,2017
5861,905
5862,1303
5864,1380
5865,1620
5867,1000
5873,1322
5875,1500
5876,1256
5877,941
5878,5000
5879,1665
5886,712
5887,2648
5890,1200
5894,1680
5896,1380
5897,1088
5898,1414
5904,1070
5905,1265
5907,1035
5908,[]
5911,1650
5915,1130
5920,2582
5925,2663
5926,1090
5927,1100
5928,1365
5929,1484
5930,1630
5931,1451
5932,1330
5933,2127
5936,1173
5939,1500
5940,2336
5941,1197
5944,1450
5945,1187
5948,1370
5949,1036
5951,2010
5953,1265
5954,1576
5956,1000
5957,1293
5959,1210
5960,1126
5962,1440
5963,1300
5964,1276
5966,1216
5969,1126
5971,1162
5972,1301
5973,658
5975,2500
5976,78.03
5977,1208.51
5978,1133
5979,1760
5980,1075
5981,940
5982,1145
5983,1302
5984,3900
5985,3317
5987,2475
5991,1216
5992,1459
5993,1622
5994,1843
5995,1274
5997,1430
5999,1565
6000,1670
6001,1695
6002,1410
6006,1083
6009,900
6011,693
6013,2435
6014,1920
6015,630
6016,1075
6018,705
6020,1532
6021,1330
6023,1530
6026,1630
6028,1200
6029,1595
6030,1000
6033,1000
6036,1000
6039,883
6041,1776
6042,1347
6043,1330
6046,1459
6047,2259
6050,1200
6051,2328
6053,660
6054,1800
6055,3100
6056,1405
6057,602
6058,1710
6059,1500
6060,1539
6062,1100
6063,1151
6065,1350
6066,1200
6069,1700
6072,1560
6074,1243
6076,1403
6078,1416
6081,1680
6082,1595
6083,1507
6085,1949
6087,1000
6089,2480
6093,1100
6097,3526
6098,1425
6100,550
6101,1385
6106,1783
6107,1520
6108,1060
6109,1267
6111,2500
6112,1240
6113,1570
6115,1355
6117,4075
6118,1550
6119,1100
6120,1750
6121,1466
6122,1550
6123,2300
6124,540
6125,950
6128,2880
6129,1987
6130,1305
6140,497
6141,1232
6142,1732
6143,1614
6144,600
6145,2072
6146,919
6150,1200
6152,1000
6153,1216
6154,2245
6155,1476
6156,1852
6158,1597
6159,2423
6160,1152
6162,1400
6163,1530
6165,1185
6166,1890
6171,830
6172,1165
6173,1100
6175,1685
6176,3131
6178,827
6181,635
6182,4000
6183,1050
6188,2850
6189,1751
6190,4750
6191,1020
6192,1148
6193,1856
6199,1325
6200,1261
6203,1675
6205,3260
6207,1160
6209,1914
6210,1458
6213,3035
6216,1556
6217,918
6218,1455
6222,1100
6223,1405
6224,929
6228,1065
6229,1532
6233,1250
6234,1680
6235,1146
6237,1451
6238,1424
6239,1435
6240,658
6242,1242
6244,1610
6245,1127
6249,1250
6250,2200
6252,876
6254,1314
6255,690
6257,1230
6258,920
6259,1850
6260,1073
6261,1540
6262,1550
6263,1198
6264,1656
6265,1900
6266,1910
6270,2172
6273,1548
6275,2856
6276,1689
6278,2119
6281,1100
6284,1250
6288,1500
6289,1942
6290,1985
6291,950
6293,1752
6296,1480
6298,1826
6302,934
6304,1620
6305,1070
6311,1012
6312,1611
6313,1405
6314,1515
6315,1830
6316,1710
6317,935
6321,1410
6322,1125
6323,1191
6325,1525
6329,600
6330,645
6331,1185
6332,1190
6334,2856
6335,1355
6339,500
6340,1250
6342,3300
6344,1206
6345,1357
6347,909
6348,3000
6349,1100
6352,975
6353,1306
6355,610
6356,1484
6357,1125
6358,1447
6359,2882
6362,1250
6366,840
6367,2502
6368,583
6373,750
6374,1600
6375,1365
6378,1260
6379,1190
6380,2480
6383,1510
6385,1120
6386,1115
6387,1717
6391,1465
6394,1255
6396,1065
6398,1281
6399,1210
6400,1215
6402,1237
6403,1300
6404,1105
6405,1505
6407,1186
6409,750
6410,1083
6412,1056
6413,2108
6414,1650
6415,1220
6416,1198
6417,1190
6421,2940
6424,1260
6425,2254
6426,2990
6428,820
6429,1296
6431,1173
6433,1102
6438,1519
6439,1345
6440,1594
6441,1250
6442,1056
6446,1464
6448,861
6449,1047
6453,2300
6454,1000
6455,1682
6460,814
6461,1145
6462,965
6464,1300
6465,1590
6466,644
6467,982
6469,1555
6472,1085
6473,1640
6474,1595
6475,1196
6476,1859
6477,1079
6479,1118
6480,1198
6482,1830
6483,1160
6485,2070
6487,957
6489,1268
6490,1450
6491,1600
6492,1330
6493,1355
6495,1100
6500,900
6501,1140
6504,2106
6509,1660
6510,1549
6511,700
6512,1012
6513,1469
6514,1216
6515,1065
6516,1411
6517,1400
6518,1250
6520,1115
6521,1000
6522,1580
6523,1800
6524,1500
6525,645
6527,1494
6528,1949
6529,1020
6530,883
6535,1240
6537,1835
6541,945
6542,1504
6543,1569
6544,1755
6547,1450
6548,1000
6551,1215
6554,1178
6555,1500
6556,2040
6558,1602
6560,1194
6561,1800
6563,1700
6564,1200
6565,1500
6566,1240
6570,1280
6571,1560
6574,2400
6575,900
6577,1850
6578,1831
6580,1320
6581,1272
6583,1820
6584,1075
6587,[]
6588,1140
6596,1805
6598,1355
6603,1716
6608,937
6609,1490
6610,4856
6611,4003
6612,1100
6613,1000
6615,1047
6617,1420
6619,1550
6622,1553
6623,920
6624,1740
6626,1724
6627,1020
6631,1200
6632,1140
6634,550
6635,1450
6637,700
6639,1050
6642,1492
6643,2856
6644,1489
6646,1140
6647,1431
6648,1682
6649,1198
6650,3664
6651,1550
6655,539
6658,1200
6660,1186
6661,1039
6664,2520
6665,1225
6666,1350
6667,1030
6670,1520
6672,1391
6673,1200
6676,1322
6677,2173
6678,1200
6682,[]
6683,1250
6684,1025
6687,1435
6688,1175
6690,900
6692,3170
6693,1602
6694,1220
6695,2500
6696,2145
6697,960
6698,907
6699,1210
6701,1230
6702,1350
6703,1150
6704,1404
6707,1285
6708,1018
6711,1600
6712,1480
6715,1435
6718,1590
6722,1741
6723,1750
6725,1027
6726,596
6727,3463
6729,2790
6730,1000
6731,1120
6734,1570
6735,1500
6736,1315
6737,1140
6738,1105
6740,905
6742,1185
6744,1458
6745,1555
6746,1200
6747,1308
6748,1024
6749,1194
6751,1639
6752,1870
6753,1232
6754,1719
6755,975
6757,1230
6762,2120
6765,1096
6766,1107.83
6768,1320
6769,1431
6770,1320
6771,2901
6772,1315
6773,1000
6774,1596
6776,2403
6777,1350
6782,1713
6783,1200
6786,1795
6787,600
6789,1965
6792,1200
6796,914
6802,1485
6803,1460
6804,1450
6805,1360
6807,1125
6809,1460
6810,1107
6814,1760
6821,1600
6823,1755
6824,1200
6826,1266.67
6831,4800
6832,1029
6833,1128
6836,2710
6837,1151
6840,1017
6841,920
6844,1750
6845,1163
6846,1650
6847,1800
6848,1100
6850,1410
6852,1200
6853,1608
6857,770
6858,1777.26
6859,1339
6861,1080
6864,1450
6866,1163
6870,1299
6874,2600
6875,1140
6876,1900
6878,1110
6879,705
6880,1089
6882,1080
6883,1093
6885,1703
6886,1200
6887,1690
6888,1305
6891,1194
6897,2225
6898,1022
6900,1153
6902,1560
6905,1350
6908,800
6909,2093
6911,1275
6912,1215
6914,1444
6915,950
6919,1231
6921,1713
6924,1310
6925,790
6926,1744
6928,1250
6929,2476
6930,1260
6931,1615
6934,1025
6935,1877
6936,1649
6940,1418
6941,1012
6944,1680
6945,1171
6946,1027
6948,1090
6949,1232
6952,525
6953,142.61
6955,1254
6957,1593
6958,1333
6960,1375
6961,1650
6962,1430
6963,940
6964,435
6965,1160
6966,1500
6967,1890
6972,3000
6973,1459
6974,1711
6975,1250
6976,645
6982,1776
6983,2072
6984,1600
6986,920
6987,[]
6989,1631
6990,525
6991,1395
6992,2000
6993,1232
6995,1205
6997,2340
6998,1179
6999,1013
7000,1160
7002,1200
7006,1069
7007,1200
7009,1065
7010,1395
7011,1725
7012,1007
7015,1645
7017,940
7019,2850
7028,675
7029,1390
7030,1500
7031,2047
7032,1202
7033,1012
7034,2132
7037,1331
7041,1800
7043,1280
7044,1007
7045,1370
7046,925
7048,450
7050,1341
7052,992
7053,1163
7054,1229
7056,1219
7057,1525
7058,1147
7059,1412
7062,1190
7064,1352
7066,1330
7068,1355
7069,1200
7072,1615
7076,1080
7077,1600
7078,1200
7081,1605
7084,1200
7091,1230
7096,946
7098,1711
7100,950
7101,1656
7102,1075
7107,665
7109,1145
7110,1185
7112,1693
7113,2456
7114,2559
7115,1155
7124,1200
7125,1439
7129,1315
7132,1178
7134,1400
7135,1093
7136,1200
7138,1200
7140,1150
7143,1173
7144,1140
7145,1717
7147,1370
7148,1025
7150,1200
7151,1200
7152,1740
7153,1232
7155,5924
7156,1250
7157,1475
7158,2100
7164,1067
7165,1364
7170,1504
7172,2365
7177,1333
7180,1698
7182,1060
7187,1310
7191,1693
7192,1230
7193,1200
7196,1385
7197,1066
7198,2293
7205,1000
7206,907
7208,1395
7209,1180
7213,1490
7214,1144
7216,1143
7217,2500
7218,1216
7219,1044
7220,1352
7222,1785
7224,1650
7226,1060
7228,1523
7229,1591
7230,1640
7231,450
7232,1305
7234,1240
7237,1180
7239,845
7241,1310
7245,883
7247,1390
7249,1280
7251,1614
7255,950
7257,1141
7258,1200
7260,855
7261,645
7262,922
7264,1240
7266,1293
7268,1599
7269,967
7270,1885
7273,1050
7274,1595
7275,1350
7276,1204
7278,1035
7280,1457
7283,1655
7285,1215
7286,1155
7287,1639
7288,1685
7290,1100
7291,2122
7293,1230
7295,1252
7297,500
7299,1355
7301,1350
7302,4003
7304,1560
7305,1151
7307,1250
7308,1110
7309,1015
7310,1351
7311,960
7313,1680
7314,2400
7315,11000
7316,1350
7317,1254
7318,1255
7319,1051
7321,1099
7322,2650
7324,1541
7325,1200
7326,1125
7327,1650
7328,834
7329,1320
7332,1500
7333,4400
7336,1180
7337,1010
7342,1920
7344,1040
7345,1430
7347,650
7348,1564
7352,1128
7353,1200
7357,1650
7359,1200
7361,985
7362,1475
7363,3450
7364,1157
7365,900
7369,3800
7371,1950
7372,1570
7373,1283
7374,875
7379,3630
7380,990
7381,1199
7384,1190
7387,1133
7388,2400
7391,1565
7393,1080
7395,1240
7396,1335
7401,1140
7402,1700
7405,435
7406,1116
7407,1480
7408,1000
7409,1145
7410,800
7411,1265
7412,1700
7413,1475
7414,1265
7416,2180
7417,1080
7418,2023
7420,1545
7421,1804
7424,1108
7425,1730
7426,1427
7427,935
7428,1073
7429,960
7430,2215
7431,1125
7434,1080
7437,1590
7438,1350
7440,1560
7441,1810
7442,2274.24
7443,1484
7444,1650
7445,1455
7446,2280
7449,1351
7451,1430
7452,3589
7453,1310
7456,984
7457,1770
7460,1447
7464,1296
7465,1570
7466,1495
7467,1530
7469,1800
7470,1088
7471,1533
7473,1540
7475,1040
7478,1180
7479,1245
7485,1124
7487,1100
7488,1019
7489,1756
7490,1280
7493,2134
7494,1369
7497,2515
7498,2215
7499,1440
7500,1186
7502,1800
7503,1600
7504,1000
7506,1305
7507,1740
7509,1567
7510,1082
7513,3500
7514,1220
7521,1170
7522,1670
7523,2264
7525,1100
7527,1320
7529,1125
7532,1300
7533,1600
7534,1052
7536,1130
7538,2200
7539,1500
7540,1350
7541,1230
7542,1520
7543,525
7544,1040
7546,2690
7547,780
7548,1140
7549,1225
7550,646
7552,1890
7555,1458
7559,1007
7560,1105
7561,1700
7562,1170
7563,1080
7564,1150
7565,1200
7567,1656
7569,1040
7570,1085
7573,1100
7575,1050
7577,1920
7579,947.55
7580,1421
7582,1425
7583,1162
7584,905
7585,914
7588,3500
7591,1537
7594,2250
7595,2000
7599,950
7601,1282
7604,1220
7605,1636
7606,1415
7607,[]
7608,1728
7609,1680
7610,1235
7613,1495
7615,2501
7616,381
7617,3301
7618,2002
7619,3200
7626,1450
7627,1039
7628,1210
7629,995
7630,1620
7631,3204
7632,3408
7633,1314
7634,945
7635,1374
7636,1603
7637,1230
7639,1864
7640,2500
7641,1625
7642,1186
7644,770
7645,1085
7646,3754
7647,1893
7649,1496
7650,1305
7651,1550
7653,1494
7654,1286
7656,1860
7658,1243
7659,1200
7660,1044
7661,1040
7664,1278
7666,1250
7671,1157
7672,1185
7673,1450
7674,1859
7675,1763
7676,900
7677,1305
7679,[]
7681,1150
7682,1806
7683,1027
7684,1002
7685,1220
7686,1109
7687,1002
7688,1308
7689,1232
7694,1255
7695,1434
7696,925
7697,1858
7698,1205
7699,1500
7702,965
7705,1636
7706,1724
7707,1216
7708,654
7712,1636
7713,1195
7714,2400
7717,1546
7718,3385
7722,1475
7723,3000
7725,1007
7734,909
7736,1400
7739,1150
7740,2990
7741,1310
7742,1590
7743,1645
7745,1795
7747,[]
7748,925
7750,3746
7751,1430
7752,1020
7754,1140
7756,2470
7757,850
7759,1697
7761,1120
7768,1492
7769,1498
7770,3500
7771,1010
7772,1255
7773,1050
7774,1847
7777,2144
7778,750
7779,919
7780,1087
7781,1480
7784,1221
7786,2072
7789,1640
7790,1253
7791,1061
7793,1250
7794,1585
7795,1452
7796,1015
7797,2464
7799,1116
7801,4000
7802,3900
7803,1300
7804,1419
7805,1310
7806,2072
7807,1240
7809,1820
7813,1315
7814,1410
7815,1375
7816,1299
7817,993
7821,1255
7822,1655
7823,2830
7825,550
7827,1634
7830,1500
7832,3750
7834,1295
7835,1320
7842,840
7843,[]
7844,1693
7846,1305
7847,450
7848,705
7854,1779
7855,10200
7856,870
7857,1595
7858,525
7861,2000
7862,1614
7864,1150
7866,1610
7868,1050
7869,4800
7870,1460
7873,1569
7875,645
7879,1350
7880,2780
7882,1109
7883,2000
7885,1215
7887,2273
7893,1225
7894,5200
7896,1984
7897,2425
7899,1127
7903,1000
7905,1350
7907,1175
7908,655
7909,1311
7911,1000
7913,1050
7916,1520
7918,1333
7919,600
7920,1326
7922,1370
7923,1100
7927,950
7930,1804
7931,1257
7932,650
7933,1850
7937,1630
7938,1310
7941,1000
7944,1370
7946,1465
7948,1128
7949,1250
7950,1645
7952,2600
7956,1215
7958,1400
7960,845
7962,3854
7964,1199
7965,1175
7967,1767
7968,1800
7969,1856
7971,1613
7974,1375
7975,985
7978,605
7981,1200
7982,1000
7983,1159
7987,1540
7989,1850
7990,1580
7991,1190
8000,1880
8001,1150
8007,1962
8010,1174
8011,1894
8013,1760
8015,1790
8018,2540
8019,1137
8022,1568
8023,4920
8024,1308
8026,1200
8028,530
8029,873
8033,2072
8034,2273
8036,760
8038,2072
8040,1550
8041,1251
8042,1070
8044,1435
8045,1400
8046,2330
8047,1200
8049,1655
8052,1175
8053,1155
8054,1200
8055,1149
8057,3200
8059,1718
8061,1330
8062,1200
8063,1693
8064,1249
8065,1800
8067,1020
8070,1280
8073,933
8074,1150
8075,3633
8076,1380
8079,1303
8080,1196
8084,1419
8085,1200
8087,[]
8088,1245
8089,3978
8090,1093
8092,1345
8094,1180
8095,1020
8097,3621
8100,1020
8101,2095
8102,1362
8103,694
8104,1404
8110,985
8111,850
8115,1367
8116,1210
8120,1140
8121,1095
8122,782
8123,1435
8124,725
8125,1600
8127,3205
8131,1243
8132,1703
8134,1145
8135,1216
8136,1100
8137,2425
8139,1196
8140,1600
8141,1510
8142,3033
8146,1480
8150,1630
8152,1410
8153,1181
8155,1691
8159,1300
8160,1356
8161,1338
8163,1280
8164,1531
8167,1605
8168,1917
8171,1400
8172,2625
8174,2041
8175,2070
8176,1110
8177,1650
8178,3565
8180,1142
8182,1502
8183,1176
8187,5400
8189,1425
8191,1345
8193,1830
8204,1160
8206,2000
8207,1125
8208,3900
8209,1133
8210,1240
8211,1466
8212,3870
8213,1610
8215,1225
8216,1300
8217,1996
8219,1800
8221,1435
8223,1601
8224,1257
8225,3596
8226,1309
8228,1115
8229,1870
8232,1185
8233,1790
8234,3450
8236,[]
8237,5400
8239,1000
8240,1183
8241,1282
8245,1200
8246,1151
8247,1320
8250,1847
8251,1020
8255,1160
8256,2805
8257,1360
8258,1089
8259,1115
8262,1536
8264,1571
8266,1517
8267,664
8268,1230
8269,1340
8270,1175
8274,1470
8276,1680
8278,1071
8280,3435
8282,1190
8283,1550
8284,1283
8285,1325
8286,1105
8287,1600
8291,2099
8292,1365
8293,1485
8294,1250
8297,1328
8298,1232
8300,1350
8303,1020
8304,1410
8305,2159
8308,1255
8309,1074
8310,1200
8311,1170
8312,[]
8317,1601
8320,2700
8321,1900
8323,1520
8326,1432
8329,2251
8330,1050
8331,1100
8333,1565
8337,1652
8339,2340
8340,1084
8342,1400
8344,1020
8345,1267
8346,2439
8351,5000
8354,1086
8355,416
8356,1066
8357,1730
8358,1205
8359,2500
8360,960
8361,1510
8363,2300
8374,1998
8376,1262
8377,1842
8381,1012
8383,1394
8384,1450
8385,527
8386,1693
8387,3122
8388,1000
8392,1410
8393,1400
8395,1826
8396,1689
8397,1075
8402,1300
8403,1804
8405,1836
8406,826
8407,1200
8411,1200
8412,965
8414,1395
8415,1660
8417,1180
8419,1204
8420,2072
8421,1056
8422,985
8426,2317
8429,656
8430,400
8431,666
8433,1174
8434,1153
8438,910
8441,1843
8443,1230
8444,3197
8445,1703
8446,1125
8447,1516
8448,1130
8449,3596
8450,1512
8451,1491
8452,1250
8454,1140
8457,1100
8458,2666
8463,1345
8464,1200
8465,3230
8467,2750
8471,1025
8473,973
8475,2533
8476,1007
8477,[]
8483,1000
8484,1285
8485,662
8486,2297
8488,1850
8492,1567
8493,1695
8495,1150
8496,1690
8498,1057
8499,1320
8500,2119
8501,1125
8503,645
8505,1040
8506,1700
8508,1138
8509,984
8510,1140
8511,3596
8514,1404
8516,1050
8518,1550
8519,1653
8520,1194
8521,1471
8523,812
8524,1504
8526,957
8527,460
8529,1050
8530,1820
8538,1550
8539,1392
8540,1221
8541,1000
8543,1065
8544,1209
8547,1929
8548,1255
8549,1035
8551,1650
8552,1275
8553,1128
8554,1140
8556,1183
8557,1155
8560,1040
8564,1525
8566,1220
8567,2388
8568,1355
8570,1046
8572,1247
8573,3855
8575,1120
8577,1798
8578,1180
8579,1000
8580,1216
8583,1842
8584,1075
8585,1495
8586,1700
8587,1564
8588,1256
8589,1047
8590,1458
8591,1063
8595,1360
8598,1810
8603,1025
8604,980
8608,2050
8609,1407
8610,4170
8611,1585
8612,1785
8613,900
8615,1843
8617,1200
8619,1125
8622,770
8623,1181
8626,1295
8628,1506
8630,2900
8631,1326
8634,1020
8642,1500
8644,1180
8646,2215
8648,1350
8650,1450
8651,1133
8652,1564
8654,2072
8656,1460
8661,654
8662,1105
8663,1800
8666,1000
8668,1240
8670,1400
8674,1640
8678,2496
8679,905
8682,8400
8687,1495
8689,1400
8691,1007
8693,1054
8695,996
8699,1394
8700,1243
8701,1216
8702,1075
8704,1500
8706,1500
8707,1800
8709,1726
8710,1220
8712,1530
8713,840
8716,1499
8717,1280
8720,1161
8722,1050
8723,1650
8724,[]
8725,418
8727,1510
8731,2350
8732,1056
8734,1450
8735,1000
8736,575
8739,1770
8740,3155
8742,745
8745,1547
8746,1713
8747,3300
8749,1856
8750,1152
8752,2357
8754,1865
8755,1240
8756,1360
8758,1450
8759,1139
8764,1855
8767,2266
8770,1083
8771,1232
8772,1550
8773,1227
8775,545
8776,1152
8777,870
8779,663
8780,1464
8782,1704
8786,1080
8787,497
8788,1073
8790,1300
8791,662
8794,1707
8795,1310
8797,1324
8798,1786
8799,1174
8801,1400
8802,635
8804,1368
8805,1450
8807,1128
8808,1125
8809,1195
8813,877
8814,1770
8819,985
8820,1045
8822,2400
8824,1420
8826,1530
8828,1570
8829,1157
8830,535
8831,1120
8832,1150
8834,1215
8835,1444
8836,2003
8840,4500
8841,1180
8842,1096
8843,2504
8846,1832
8850,1020
8855,1123
8857,1225
8858,1683
8862,1475
8863,1120
8864,1150
8865,1165
8867,1409
8868,1212
8869,1140
8870,2087.01
8871,[]
8872,1700
8873,1732
8875,1000
8877,2704
8880,1205
8882,1650
8884,1150
8887,850
8888,1580
8889,1216
8890,381
8893,2429
8894,1260
8895,1498
8897,1355
8898,1450
8901,1300
8902,2500
8903,1950
8904,1625
8907,1216
8910,1470
8911,1365
8912,1364
8913,1180
8914,1800
8916,1573
8917,1620
8920,1156
8922,1200
8923,3400
8924,1608
8925,4000
8926,1215
8928,1517
8931,2025
8932,1057
8934,1044
8935,1695
8936,1635
8938,1150
8939,1110
8940,1163
8941,1418
8942,1155
8943,1115
8950,1089
8951,1445
8954,1705
8955,2200
8958,7200
8960,1450
8961,1220
8962,1259
8963,1260
8970,1640
8971,1488
8973,1640
8974,1719
8976,1180
8977,1700
8981,1225
8982,1050
8983,1691
8985,3700
8989,1243
8992,1405
8993,1350
8994,500
8995,1200
8998,4800
9000,700
9001,1485
9002,700
9003,1346
9004,1075
9006,1800
9007,1609
9008,770
9011,1000
9013,1262
9017,1600
9018,1251
9020,1140
9021,1157
9023,1197
9024,1500
9025,1185
9027,1397
9030,2710
9031,1720
9032,1756
9033,602
9034,1770
9036,1295
9038,1100
9040,720
9041,1476
9042,1056
9043,825
9044,1860
9045,1063
9046,697
9049,1835
9050,1532
9051,1147
9053,3400
9057,1270
9058,1100
9059,1410
9060,1065
9062,1315
9063,1650
9064,1140
9065,960
9066,800
9068,1020
9069,750
9072,1035
9074,1315
9076,1075
9077,1450
9079,1350
9080,1282
9081,1929
9082,1100
9085,1664
9087,1158
9088,1420
9089,1268
9090,1308
9093,2000
9094,2450
9095,1152
9096,1525
9098,1465
9105,1861
9106,1265
9111,1590
9112,1837
9113,1703
9114,1293
9115,700
9116,1450
9117,1030
9118,1570
9119,1000
9120,1075
9121,1091
9122,2210
9124,1640
9125,1205
9128,3362
9132,1330
9133,1024
9134,1196
9135,800
9136,2650
9137,1080
9139,1286
9140,2990
9141,1150
9143,1352
9144,1307
9146,1500
9147,1131
9149,2835
9150,682
9151,2500
9152,1650
9153,1850
9157,1702
9159,1240
9160,1050
9161,1023
9162,1541
9163,1275
9164,1260
9165,1580
9166,1343
9167,1365
9168,1047
9169,1187
9174,1075
9175,2048
9176,1090
9177,1119
9179,1445
9182,1165
9183,1081
9184,1787
9187,1020
9188,1797
9189,1205
9191,1560
9194,1450
9195,1496
9196,1935
9197,1016
9198,1816
9199,1680
9200,2065
9201,1220
9202,3000
9203,980
9205,1250
9206,1424
9207,1297
9208,1300
9209,1290
9210,1720
9213,1237
9214,1720
9215,1224
9216,1780
9217,4700
9219,1139
9224,2732
9226,1600
9229,1075
9232,1170
9233,3630
9234,950
9235,5400
9236,865
9238,1169
9241,1683
9245,1234
9246,492
9247,600
9248,1902
9251,1214
9252,565
9254,1386
9255,1535
9257,1370
9258,1655
9259,1200
9260,1610
9265,1655
9267,770
9268,1210
9270,700
9271,1740
9272,1310
9273,1763.25
9274,1900
9276,1450
9277,1836
9278,1160
9279,1153
9280,1285
9283,1257
9284,1200
9285,[]
9286,1240
9287,1294
9288,1095
9289,1145
9290,1826
9291,1314
9292,1900
9294,1290
9296,1325
9297,2600
9299,[]
9300,1075
9301,1108
9303,1155
9306,1550
9308,1452
9311,1500
9314,3122
9317,800
9318,1180
9319,775
9320,1145
9324,2439
9326,1111
9328,1200
9329,1247
9330,1050
9332,1270
9333,1012
9334,970
9335,933
9336,1200
9337,1148
9338,1463
9339,1719
9340,1350
9341,1250
9344,1200
9345,1030
9346,1420
9347,9600
9348,1703
9349,1210
9351,3000
9352,1398
9353,1335
9354,1255
9357,1240
9358,1076
9359,1320
9360,1216
9361,1100
9362,1183
9363,656
9364,534
9365,1285
9366,2087.01
9368,1306
9369,2249.81
9370,1504
9371,645
9375,1260
9377,3626
9379,1050
9380,2900
9385,1505
9392,1057
9393,1680
9394,799
9396,1819
9398,2020
9400,1730
9401,1950
9402,1077
9403,1706
9405,1093
9407,1340
9408,984
9409,1135
9410,2400
9411,1155
9412,700
9413,1150
9414,1385
9415,2061
9417,1015
9419,1108
9421,1445
9424,1085
9429,1762
9430,1303
9432,1110
9434,1237
9435,1780
9436,1636
9438,1332
9440,1012
9441,1192
9442,795
9444,1489
9445,1200
9447,1200
9452,1224
9453,1235
9455,1342
9457,1800
9460,1130
9461,1186
9462,1295
9463,1535
9464,905
9465,1447
9466,1165
9467,1328
9470,1175
9471,1245
9473,985
9475,1395
9476,[]
9477,630
9480,2500
9482,3560
9485,1180
9486,1441
9487,1115
9488,1825
9491,1278
9494,1190
9496,1430
9497,1900
9498,1104
9499,1240
9500,1140
9503,3508
9504,1700
9505,2658
9506,1600
9508,1508
9509,645
9514,1079
9515,975
9516,1050
9519,2940
9521,2996
9523,2000
9526,1400
9527,1416
9528,1602
9529,1100
9531,3800
9533,1384
9537,900
9542,1030
9543,883
9547,1210
9549,1100
9553,1370
9554,3951
9555,2500
9559,1186
9560,560
9561,2357
9563,1823
9564,1310
9565,1520
9566,1610
9568,1400
9574,2774
9575,994
9576,1455
9577,1200
9578,1172
9580,1856
9582,900
9583,1757
9585,1626
9587,1559
9589,1200
9590,1174
9592,1603
9593,1278
9595,1085
9596,1195
9599,550
9600,1165
9602,1452
9603,702
9605,1340
9607,1160
9608,1050
9609,1960
9613,975
9614,1700
9617,1275
9619,1495
9620,1200
9622,1679
9624,1210
9627,1623
9628,1115
9630,1170
9631,2065
9634,1245
9635,1017
9637,1242
9638,1792
9642,605
9644,1450
9645,1232
9650,1065
9653,780
9654,1070
9655,1464
9656,1910
9658,1530
9659,2439
9660,1088
9661,1174
9662,1587
9664,1304
9665,1100
9666,1482
9670,1200
9671,1070
9672,1100
9673,1270
9675,1246
9676,1529
9677,1185
9679,1319
9680,991
9681,662
9687,1319
9688,2000
9692,985
9694,1349
9696,1844
9697,1830
9698,2275
9702,2648
9705,1455
9707,1295
9709,1788
9710,1243
9711,1855
9712,1850
9713,1315
9714,1216
9715,1721
9716,1059
9717,1184
9719,2223
9720,1480
9721,635
9724,1143
9727,4800
9729,1640
9734,45.06
9736,[]
9738,1685
9739,1540
9740,1265
9742,1300
9743,1009
9747,497
9748,2480
9749,1142
9751,1070
9752,1125
9754,1575
9755,1360
9757,1200
9758,2185
9759,2400
9761,1246
9762,1012
9765,1130
9766,1744
9767,2733
9768,1354
9770,1389
9771,2970
9776,1738
9778,1270
9779,1160
9785,1135
9786,1224
9787,664
9788,1160
9791,1328
9792,975
9793,1907
9794,900
9796,2330
9797,1222
9798,4446
9799,2100
9800,3335
9801,3150
9806,1330
9807,2000
9808,1244
9809,1000
9811,1000
9814,2630
9816,2790
9818,1683
9819,1250
9820,1305
9822,1150
9823,1654
9824,4500
9825,1890
9827,750
9832,1680
9834,1700
9836,1595
9839,1866
9840,3895
9842,545
9846,1185
9847,1025
9848,1730
9849,1450
9850,1862
9851,4000
9852,2430
9853,[]
9855,1075
9856,1060
9858,935
9861,1125
9864,1725
9866,1750
9868,1745
9870,1270
9871,5384
9872,1180
9873,1130
9874,2774
9875,1723
9876,1175
9877,1607
9878,1334
9880,1138
9882,1300
9886,5150
9890,1398
9894,1116
9895,1061
9898,1270
9902,3596
9906,1202
9910,1360
9911,1155
9912,2378
9913,1011
9914,1203
9915,1645
9916,1364
9920,1252
9921,1221
9923,1270
9924,1032
9926,1515
9927,1427
9930,1460
9931,2275
9932,1522
9934,1185
9936,1800
9940,1050
9941,929
9943,1530
9946,4041
9949,635
9950,1015
9951,1175
9956,1210
9957,1000
9959,1800
9960,1185
9961,1600
9963,1300
9964,1100
9965,860
9967,1100
9968,1187
9970,2400
9972,1820
9976,1430
9977,700
9979,1165
9985,1685
9987,1314
9989,1130
9994,1550
9995,1715
9996,1053
10000,1245
10001,1320
10002,3940
10003,1241
10004,2980
10006,1090
10007,1390
10009,2750
10010,1100
10011,1350
10013,1787
10015,3700
10016,1691
10017,2119
10020,1896
10021,1540
10023,1365
10024,580
10025,1355
10027,1513
10029,2087
10030,2273
10031,2050
10036,1830
10038,1028
10039,1300
10040,1160
10045,1100
10046,2159
10047,1230
10050,5020
10052,1340
10053,1750
10056,1675
10057,1340
10059,1276
10060,1738
10062,1128
10063,1250
10064,1450
10065,1084
10069,1250
10071,1304
10072,1640
10073,980
10074,1275
10078,2400
10079,2300
10080,1450
10081,890
10082,1340
10084,750
10086,1300
10090,1299
10092,1600
10093,925
10094,3900
10099,1715
10104,1144
10105,525
10106,1400
10107,661
10110,1705
10112,1430
10113,1240
10115,1230
10118,1330
10120,1300
10121,1243
10126,1300
10127,4201
10129,1216
10130,1252
10132,1027
10135,1171
10138,1180
10139,1160
10140,4382
10141,2140
10142,1500
10143,1008
10144,1921
10145,1127
10146,1621
10150,1220
10152,1590
10154,1795
10156,4395
10157,825
10158,4025
10161,2215
10162,1478
10163,2475
10164,1669
10165,1820
10166,1623
10167,1243
10168,1200
10169,1613
10170,1293
10171,1065
10172,940
10173,1181
10174,2215
10177,1260
10180,1200
10182,1530
10183,1140
10184,1864
10185,1575
10187,945
10188,1691
10190,1220
10191,600
10192,1160
10194,1650
10196,795
10200,1243
10201,1263
10203,1345
10205,1360
10210,1843
10212,1642
10215,1075
10218,1225
10219,1290
10222,1361
10224,1394
10227,1222
10228,1420
10231,1167
10238,939
10242,1710
10243,1000
10244,3350
10247,615
10248,1350
10250,2700
10252,1718
10253,1680
10255,1157
10257,1315
10259,1800
10260,1010
10261,630
10265,1012
10266,1884
10267,1090
10268,1300
10269,2950
10270,1710
10272,1310
10275,1464
10276,715
10278,1625
10282,1040
10284,1205
10288,980
10289,1006
10290,1098
10291,1200
10293,1019
10295,1733
10296,1415
10299,1050
10300,1452
10301,1246
10302,1890
10303,972
10305,1500
10306,630
10311,1938
10314,1392
10315,1225
10317,1750
10318,1260
10319,691
10321,1285
10322,1590
10323,1571
10326,1255
10329,1520
10331,1170
10333,1777.26
10334,1303
10337,1835
10341,1225
10342,656
10343,994
10344,1025
10345,1156
10346,1250
10347,3092
10348,1930
10349,1020
10351,[]
10352,1322
10355,1720
10356,1689
10359,1155
10361,3913
10362,3520
10364,1847
10365,1515
10368,1130
10369,1049
10372,1842
10374,1282
10375,800
10377,1190
10378,1318
10379,1698
10381,1276
10382,1555
10383,1881
10385,1890
10387,935
10388,1000
10392,1160
10393,1419
10395,1350
10396,2215
10397,996
10398,1076
10400,1715
10401,1072
10402,1230
10404,1411
10409,1208
10411,1225
10412,1162
10413,1262
10415,1160
10418,1340
10419,2275
10420,1162
10423,1170
10424,980
10426,1423
10427,1106
10428,1105
10430,1255
10431,1525
10432,1061
10434,1400
10435,2100
10436,660
10439,[]
10440,2047
10443,1904
10444,1205
10445,1164
10446,1410
10447,1150
10448,1170
10451,1789
10452,1021
10454,1222
10455,1981
10457,1201
10458,970
10459,920
10460,1520
10462,1268
10464,1755
10465,945
10466,500
10467,2820
10468,1632
10470,1276
10471,1234
10472,1180
10473,1370
10474,1015
10479,1251
10481,1346
10482,1090
10484,1290
10486,1881
10492,2735
10495,1050
10496,1660
10504,705
10506,1200
10507,1804
10508,750
10513,1287
10514,2215
10516,1045
10518,1431
10520,1650
10521,1535
10522,2524
10523,1300
10526,284
10528,1265
10534,2077
10535,2880
10537,708
10541,[]
10545,1450
10546,1100
10547,1185
10550,660
10555,1205
10557,1421
10559,524
10562,984
10563,985
10565,1140
10567,1410
10569,1360
10570,1800
10571,1333
10572,1258
10573,1458
10574,1386
10575,1140
10576,550
10577,1200
10579,2135
10580,2500
10581,1178
10582,991
10583,1493
10584,2495
10586,814
10587,1025
10588,1115
10589,3075
10591,1760
10595,1175
10596,4235
10597,1100
10600,1810
10602,2400
10603,1100
10604,650
10605,1350
10607,1360
10608,674
10609,1655
10612,1277
10615,1153
10617,3300
10620,3715
10621,1160
10622,1075
10623,1225
10624,5000
10627,1350
10628,1300
10629,830
10630,1155
10631,3126
10632,905
10633,1375
10637,957
10638,890
10639,3000
10640,1070
10641,2400
10643,925
10644,1415
10646,1225
10648,840
10650,1732
10652,1260
10654,827
10657,1370
10658,1725
10663,700
10664,800
10665,2367
10666,1415
10667,1976
10669,700
10670,1445
10671,2082
10672,1140
10673,933
10676,1130
10679,1555
10680,1420
10682,658
10683,[]
10685,1035
10686,2064
10687,1839
10688,1200
10689,488
10692,993
10693,1225
10696,825
10699,1800
10701,1167
10703,650
10704,675
10706,[]
10707,4800
10710,1330
10711,1320
10714,1770
10715,2100
10719,1419.59
10723,1536
10724,1710
10725,2400
10727,1342
10729,938
10730,1820
10731,2439
10732,1665
10734,1091
10735,1346
10736,1720
10737,3675
10740,1299
10741,1491
10746,1125
10747,1275
10749,10000
10750,1330
10755,770
10756,3930
10759,2569
10761,1116
10762,1707
10766,1240
10767,1300
10768,1700
10769,1383
10773,2072
10775,615
10776,1116
10777,1639
10781,933
10782,2289
10785,1080
10787,910
10788,1200
10789,1110
10792,1800
10793,1005
10797,660
10801,1100
10805,1590
10808,1161
10812,1644
10814,1205
10817,1270
10819,1221
10820,840
10821,1339
10823,1315
10825,850
10826,1600
10827,1250
10828,1312
10829,3000
10830,1300
10833,5000
10834,1614
10836,1182
10837,1053
10839,2000
10840,1940
10841,1590
10845,1260
10847,1702
10848,1080
10850,1035
10851,1200
10854,1300
10855,1330
10856,1210
10858,1900
10859,1935
10860,1410
10861,1469
10862,986
10863,1460
10864,1260
10865,1345
10866,980
10867,1164
10868,929
10870,1172
10873,1362
10874,672
10875,1746
10877,1532
10879,1250
10880,1188
10881,3565
10882,1170
10887,2507
10888,1061
10893,1333
10894,1691
10895,[]
10897,2030
10898,1012
10900,1765
10901,1110
10903,1044
10904,1518
10905,1300
10906,1798
10907,866.28
10908,3410
10909,1179
10911,1125
10915,1190
10917,1761
10920,1128
10923,509
10924,1852
10925,1045
10926,3535
10928,1800
10932,645
10935,2050
10936,1335
10938,1255
10939,1140
10940,2376
10941,663
10943,1450
10947,2200
10949,1740
10954,1525
10956,2470
10958,1250
10959,1400
10960,1600
10961,1060
10963,1296
10965,1945
10969,2100
10970,850
10971,1880
10973,1060
10974,2041
10978,1184
10980,1411
10984,1702
10985,1185
10986,1300
10987,1545
10988,1515
10989,1300
10991,1720
10992,1540
10994,710
10995,1100
10996,3200
10998,1250
11000,1584.01
11003,1485
11004,1100
11006,1880
11010,1640
11011,1165
11012,1110
11014,4000
11017,1300
11020,1232
11023,1222
11024,1155
11026,1200
11027,1517
11029,870
11033,1345
11035,3800
11037,1255
11038,1810
11040,1185
11041,1350
11042,1590
11049,1170
11050,3420
11051,1320
11052,1610
11053,1870
11054,1510
11057,1500
11058,1149
11059,1948
11061,1242
11062,1268
11063,1101
11064,1255
11065,1362
11066,984
11067,1089
11069,1345
11072,950
11073,1068
11074,860
11076,1756
11077,1205
11079,1800
11081,1604
11082,2732
11083,1015
11088,1050
11090,1248.52
11092,1656
11093,1451
11095,1250
11096,4395
11097,4600
11098,1340
11099,1100
11101,1700
11103,1096
11104,1160
11106,1269
11108,1586
11109,1376
11110,1452
11111,1538
11112,1427
11114,1220
11115,1197
11118,1573
11119,1135
11123,2045
11124,1268
11125,883
11126,1600
11127,1056
11130,1204
11131,1410
11132,1460
11134,1310
11135,1600
11137,1665
11138,1345
11140,1416
11141,1145
11143,1231
11144,1664
11146,972
11151,1007
11153,1250
11155,994
11157,1220
11158,1441
11159,1157
11161,1400
11173,675
11174,1430
11176,2640
11177,1075
11178,1570
11180,1011
11181,1450
11182,1129
11183,1126
11185,1180
11188,1933
11191,610
11193,1300
11200,1864
11207,1200
11208,1735
11209,1750
11210,1009
11211,1470
11213,985
11215,1277
11216,1100
11217,1820
11219,1886
11221,1880
11222,1255
11223,700
11225,1025
11226,3453
11229,1850
11232,3522
11233,1244
11235,1025
11236,1034
11237,1191
11238,1719
11241,1470
11243,1752.12
11246,2990
11247,1660
11248,1275
11252,1392
11253,1245
11255,1162
11256,1476
11259,943
11261,1113
11262,1615
11263,1279
11266,1350
11268,1357
11269,1645
11270,1777.26
11271,845
11273,1210
11275,1879
11276,1250
11278,1108
11280,1157
11281,1185
11282,1751
11284,1880
11285,1322
11287,1407
11288,1000
11289,1518
11291,1027
11292,3730
11293,1145
11294,1260
11295,1500
11296,1737
11299,1500
11302,1030
11304,1057
11305,2774
11306,1460
11307,1075
11309,3626
11311,1139
11312,1074
11314,2425
11315,1323
11316,1232
11317,900
11318,740
11319,1920
11321,1550
11322,1588
11326,1340
11329,1719
11330,1107.83
11334,1660
11335,1247
11336,1595
11337,1175
11339,1184
11340,1100
11342,1200
11345,1000
11346,1705
11347,1060
11348,2325
11349,1347
11351,1402
11352,2280
11354,1080
11357,1100
11358,2500
11359,1200
11360,1565
11363,2882
11365,2180
11367,985
11368,950
11370,1449
11373,1003
11377,3009
11382,1300
11383,1220
11384,2289
11385,1170
11387,883
11388,1698
11389,2187
11391,1185
11392,2051
11394,1252
11398,2500
11405,970
11407,1639
11410,1635
11411,3425
11412,2950
11413,1200
11415,4450
11416,1166
11417,2390
11419,1690
11422,1732
11424,1095
11425,416
11427,1350
11429,1226
11431,1168
11432,1776
11433,1634
11437,1190
11438,1133
11439,1559
11441,6652
11442,976
11445,2940
11446,1633
11447,1151
11448,1400
11449,1037
11450,1188
11451,1060
11452,2215
11455,1075
11456,2569
11458,1183
11459,1100
11462,1291
11464,1060
11465,1575
11468,1236
11470,2475
11476,1056
11479,1850
11480,3150
11484,1185
11485,918
11487,1540
11488,1200
11490,2585
11492,1345
11494,1510
11498,[]
11501,1100
11502,2282
11504,2172
11506,600
11510,1245
11512,1200
11516,2100
11520,3520
11521,1041
11522,1505
11523,1776
11524,1767
11525,1293
11527,1280
11528,1245
11531,1100
11533,1814
11534,1610
11536,1600
11540,1452
11541,1475
11542,1353
11545,4800
11546,1270
11549,2695
11550,1330
11552,1400
11554,1700
11555,1585
11557,1128
11558,60
11560,1203
11561,905
11562,1450
11563,1105
11565,1530
11566,1105
11567,1333
11571,1530
11573,1270
11574,1830
11576,2400
11578,1450
11582,1200
11583,1355
11587,1070
11588,1980
11589,842
11590,700
11593,1100
11594,1196
11595,1820
11597,1185
11599,1220
11600,1116
11601,1192
11602,1449
11603,2500
11604,1700
11605,1920
11609,1447
11610,1329
11611,1314
11614,1513
11616,1246
11618,1220
11621,1245
11622,1495
11624,996
11626,1250
11627,975
11628,1261
11629,1080
11630,1230
11632,1260
11633,1590
11634,1220
11635,1320
11636,1750
11637,1436
11640,1560
11642,1275
11644,2400
11646,3150
11647,1960
11648,3200
11649,1195
11650,1195
11653,4304
11655,2100
11657,1027
11658,1575
11659,1365
11660,650
11663,1075
11664,1100
11666,1500
11669,1246
11670,1718
11671,1075
11678,1685
11679,1180
11680,1200
11682,900
11683,1000
11686,1404
11687,1610
11688,1760
11690,1190
11692,2415
11693,1235
11694,1275
11696,1197
11697,644
11699,1105
11704,1206
11705,1560
11706,750
11707,1035
11709,702
11714,560
11715,1426
11716,1885
11717,935
11718,1171
11720,1820
11721,1580
11722,1452
11723,1445
11724,1170
11726,1100
11728,2600
11729,1532
11731,1473
11732,1350
11733,4040
11734,1980
11735,1660
11738,4000
11739,2475
11741,1080
11742,1521
11743,1053
11744,2406
11747,1430
11748,2400
11752,1000
11753,1630
11754,985
11755,1200
11757,1670
11759,1240
11760,1000
11764,2500
11765,1140
11766,1635
11769,1760
11770,2137
11771,973
11772,1724
11776,883
11778,2787
11779,1470
11780,891
11782,1787
11784,1320
11785,1692
11786,1400
11788,1370
11789,1602
11791,675
11792,3250
11793,1050
11794,1035
11795,1200
11796,1800
11797,1625
11798,1032
11799,1496
11802,1125
11803,1555
11804,1025
11805,1482
11807,900
11808,1355
11811,1563
11817,1360
11818,1835
11819,1756
11820,1296
11821,1300
11822,1141
11824,1210
11825,1310
11827,1187
11828,1745
11832,1140
11833,1210
11835,633
11836,485
11837,1112
11839,2275
11840,1419
11843,1047
11844,1884
11846,905
11847,1500
11852,1305
11853,1125
11854,865
11855,1245
11857,1145
11858,2000
11859,625
11860,1724
11862,1270
11864,1485
11870,1950
11871,1756
11873,520
11874,1025
11877,3335
11879,1411
11880,1320
11881,1320
11883,1804
11884,1140
11886,2375
11890,965
11891,1684
11892,1672
11893,1075
11894,1500
11896,1420
11898,1169
11899,1290
11902,1500
11905,1310
11907,2150
11914,1025
11916,1070
11917,815
11918,2000
11921,5667
11924,3500
11930,1205
11931,1368
11936,1408
11938,1507
11941,960
11942,1021
11943,2162.03
11944,1065
11945,400
11946,1465
11947,900
11948,1800
11949,1175
11952,1050
11953,1400
11954,1650
11955,1827
11956,1930
11957,883
11961,1290
11966,2400
11967,1200
11968,1520
11969,[]
11970,2710
11971,1150
11973,1200
11974,1252
11975,1650
11976,1270
11977,992
11980,1075
11982,1190
11984,1814
11985,1400
11987,1344
11988,5400
11989,1843
11990,1138
11991,1495
11992,880
11993,1396
11994,1610
11996,1410
11999,1104
12000,1165
12002,1310
12006,2240
12007,1150
12008,2019
12009,986
12013,1318
12014,1325
12015,800
12018,1010
12019,1260
12021,1520
12024,1197
12027,1241
12028,1567
12029,1747
12030,1475
12033,980
12034,966
12035,2360
12036,1112
12037,550
12038,1760
12039,1830
12040,1175
12041,1175
12043,1232
12044,1010
12045,1273
12046,1590
12047,1100
12048,1252
12049,2615
12053,1755
12054,1135
12059,3500
12061,1100
12063,1236
12065,1075
12069,1150
12071,1085
12072,1785
12073,2475
12074,1930
12079,1920
12081,760
12082,1201
12083,1615
12085,1991
12086,1377
12087,2880
12088,1892
12089,2176
12090,663
12092,3554
12093,1260
12094,1095
12096,1176
12097,1801
12099,1194
12101,1308
12102,4250
12103,1806
12105,2144
12106,1065
12107,1205
12108,1160
12110,1194
12114,3633
12115,1843
12117,1885
12120,1126
12121,1357
12122,1451
12124,950
12125,960
12127,2200
12128,1607
12129,900
12130,1080
12132,1708
12134,1690
12137,1243
12139,1165
12141,1194
12142,1630
12143,1063
12144,1025
12146,1299
12147,1343
12149,1524
12150,2236
12154,1205
12159,1950
12160,1157
12161,[]
12162,1000
12163,602
12165,1108
12168,1196
12169,850
12170,2171.66
12171,900
12172,720
12173,1573
12174,1026
12176,1400
12178,1150
12180,2400
12182,1790
12183,1125
12184,1830
12185,1100
12187,1105
12188,1110
12189,708
12192,3122
12193,1205
12194,1450
12197,1200
12199,1837
12200,1346
12201,1012
12202,1950
12204,1500
12205,1197
12206,1230
12208,1563
12210,3729
12211,1600
12212,1715
12214,1151
12218,1315
12221,1600
12222,1660
12223,1299
12224,953
12225,1457
12228,1075
12229,1450
12230,5515
12231,950
12233,1013
12236,1430
12238,1600
12239,1190
12240,1625
12242,1615
12243,1180
12245,850
12248,1300
12249,1891
12250,1735
12251,1075
12254,1590
12258,1010
12259,1221
12261,1108
12263,1370
12265,1277
12268,2400
12272,1570
12274,1053
12275,1325
12277,1274
12278,1317
12279,1195
12280,2858
12281,940
12282,1820
12284,1615
12286,985
12288,656
12289,1105
12290,1220
12291,1400
12294,1000
12296,1330
12297,1165
12298,1153
12299,1270
12302,1420
12305,1454
12306,1116
12308,1346
12309,1062
12311,1405
12313,2153
12315,2135
12316,1125
12319,940
12320,1063
12321,1382
12323,1400
12324,475
12326,1450
12327,1162
12328,1161
12329,1623.29
12330,1260
12331,1672
12332,3000
12333,1500
12334,[]
12336,2000
12338,1200
12340,1400
12341,2257
12342,1153
12343,1197
12344,1150
12346,1837
12348,1830
12349,1715
12350,970
12353,5480
12355,3040
12356,1168
12357,1160
12358,1500
12362,935
12365,1650
12366,5656
12367,1300
12368,950
12371,1425
12372,1165
12374,1510
12375,1305
12377,866
12378,1231
12380,2500
12381,1140
12382,525
12387,1100
12388,4723
12390,3508
12392,1354
12393,2453
12396,1205
12398,1625
12400,1520
12403,1762
12404,1153
12405,2650
12406,1350
12407,950
12408,3295
12409,1515
12410,1100
12415,1355
12418,2051
12419,1470
12420,1550
12421,1270
12422,2119
12423,1600
12424,1320
12426,1410
12427,1200
12429,995
12431,1194
12432,605
12433,567
12435,1410
12437,1715
12440,1846
12442,1015
12444,1100
12445,1965
12447,1230
12450,1894
12452,1950
12453,1231
12454,1236
12458,1443
12461,1305
12468,1183
12469,1750
12472,1342
12473,1113
12474,1738
12476,2790
12479,1857
12481,1763
12484,1290
12489,1160
12491,1750
12493,2240
12494,891
12496,1852
12497,1323
12498,1404
12501,1129
12502,1876
12503,1720
12505,1175
12509,1893
12510,1430
12511,850
12512,1392
12513,1938
12516,1832
12518,1432
12522,1843
12524,1916
12527,2640
12528,1160
12529,1200
12531,1500
12532,1336
12533,1065
12534,1294
12535,1550
12536,1216
12538,1430
12539,4100
12540,1660
12541,1430
12542,1470
12543,1045
12544,4225
12545,950
12546,1382
12548,1660
12549,1290
12550,1010
12552,1200
12554,1636
12555,2367
12556,1153
12557,2087.01
12558,1200
12559,1844
12560,142.84
12561,1215
12563,1220
12565,525
12566,955
12568,884
12571,2400
12572,2990
12573,1195
12576,984
12577,1089
12578,1165
12580,1482
12582,1938
12585,1140
12586,3734
12587,720
12589,1100
12592,1550
12595,1220
12598,1347
12602,600
12603,2321
12604,540
12606,1484
12612,1105
12613,1200
12615,4007
12616,550
12618,2409
12621,1055
12622,1541
12624,1224
12626,883
12628,1154
12629,1610
12630,1057
12631,1157
12634,980
12635,1140
12636,1206
12638,1600
12641,1270
12642,1128
12643,640
12646,1090
12647,589
12650,3150
12651,1315
12652,[]
12653,1435
12655,1314
12656,1260
12660,1082
12662,1052
12664,1442
12665,1500
12666,497
12667,1255
12669,2100
12670,1450
12671,1346
12673,925
12675,1768
12678,1745
12680,3500
12681,1550
12682,2340
12683,1655
12684,2024
12685,3100
12686,1575
12687,1920
12688,6200
12689,1082
12690,1265
12693,1246
12694,615
12695,1128
12696,1260
12697,1830
12699,602
12701,1835
12702,1250
12704,1855
12705,1450
12706,2089
12707,1464
12709,1200
12710,1095
12711,2900
12712,2500
12713,1170
12714,1280
12715,1224
12716,1694
12717,825
12719,985
12720,1175
12722,1740
12723,1770
12725,1090
12728,1800
12729,1221
12730,1046
12731,1290
12732,1065
12733,1850
12734,1097
12735,1200
12737,1140
12739,1150
12741,1245
12742,4750
12744,1594
12746,645
12747,700
12749,1000
12750,4000
12754,1570
12755,1290
12757,2777.29
12758,2250
12760,1145
12762,1065
12763,1650
12764,1371
12766,1575
12767,1362
12769,1255
12771,1088
12772,1234
12773,2140
12774,1584
12775,1175
12777,645
12778,1585
12782,1740
12784,985
12788,1583
12791,1122
12792,1573
12794,1210
12797,1485
12798,1735
12799,1730
12800,1684
12801,1686
12803,1600
12805,1655
12806,1830
12807,1430
12808,1989
12809,1044
12810,1426
12811,1115
12812,1000
12814,1140
12816,1200
12817,580
12819,1030
12821,1950
12822,1724
12825,1400
12828,1300
12830,1332
12831,1000
12834,1070
12835,1600
12837,1025
12838,1220
12839,2180
12840,1600
12841,1270
12843,1932.47
12844,2086
12845,1165
12847,1440
12849,740
12850,2503
12851,1075
12852,1260
12853,1282
12855,1717
12857,1335
12858,1200
12860,1157
12863,1510
12864,1050
12865,1200
12866,1516
12868,1050
12874,1210
12875,1660
12876,1410
12877,1305
12879,1206
12880,883
12881,1150
12884,1850
12886,2150
12887,3895
12891,1155
12893,755
12894,960
12897,1571
12898,1691
12899,1489
12900,800
12901,980
12902,1215
12906,1500
12907,1588
12909,957
12910,1200
12912,845
12914,2206
12921,1719
12922,995
12924,1047
12925,1466
12926,1691
12927,876
12928,1659
12929,1270
12930,1269
12931,1200
12932,1153
12933,1315
12935,1354
12936,1344
12937,1180
12938,1313
12939,1100
12943,890
12944,1173
12945,1190
12947,1644
12949,1710
12951,1662
12952,1162
12954,540
12955,1533
12958,1410
12959,2665
12964,1810
12967,1328
12969,1500
12970,1100
12971,1360
12974,1031
12975,[]
12979,1200
12980,1267
12981,1510
12982,900
12983,1457
12984,3596
12985,1408
12986,1005
12988,545
12990,2038
12991,1367
12995,1720
12996,1107
12997,1360
12999,1701
13001,1016
13003,900
13004,1500
13005,2292
13006,1280
13007,1750
13008,1500
13009,1500
13010,1245
13012,1945
13013,1640
13014,1348
13015,1100
13016,1616
13017,1855
13018,1255
13022,1022
13026,1020
13027,4395
13028,950
13030,1936
13032,1223
13038,1495
13039,1500
13040,1605
13041,1270
13042,1081
13043,1600
13044,1596
13046,1557
13048,1984
13050,2259
13055,1310
13057,1600
13058,1790
13059,1335
13062,1786
13065,1564
13068,1365
13069,1115
13070,1020
13071,1369
13072,1240
13074,1418
13078,1290
13081,1881
13082,943
13084,1035
13088,1290
13089,2610
13090,1576
13092,4000
13093,1346
13094,1181
13095,6652
13096,1307
13102,1910
13103,1200
13104,2920
13105,1349
13106,1175
13108,935
13109,1404
13111,1203
13115,610
13117,1200
13118,1200
13119,6688
13120,1830
13121,1432
13122,2300
13123,1331.95
13125,1639
13127,1665
13129,2093
13130,1450
13135,1486
13136,1425
13137,1255
13138,750
13140,1274
13142,1350
13143,1100
13144,1760
13147,1095
13148,1140
13149,1530
13150,1724
13153,1975
13154,1112
13158,509
13159,2265
13162,1010
13163,1150
13165,1850
13166,907
13171,3596
13173,1295
13174,1012
13176,1010
13177,1379
13178,1121
13179,1200
13180,3124
13181,1246
13185,1355
13186,1425
13189,2099
13191,1520
13192,1490
13194,1291
13195,1339
13196,1330
13199,1650
13203,1096
13204,814
13206,1140
13208,4000
13209,1500
13210,1850
13211,745
13212,613
13214,1470
13220,520
13222,1360
13223,1155
13224,520
13225,1615
13227,1140
13228,1508
13229,2395
13230,1590
13231,2215
13233,1903
13235,1730
13237,1225
13241,1651
13242,1500
13243,1783
13244,1015
13249,1200
13251,1917
13252,1703
13253,1211
13255,1146
13257,1453
13258,877
13259,1477
13260,1420
13262,1140
13264,1095
13265,1258
13266,1665
13267,1245
13268,3360
13269,2010
13271,1075
13272,1226
13274,1153
13276,1000
13278,1256
13282,1919
13283,2111
13284,970
13285,1353
13286,1405
13287,1285
13289,1349
13290,4050
13292,1440
13293,2425
13294,2200
13295,1810
13297,1060
13298,1015
13299,2856
13304,1187
13308,1527
13313,1345
13314,1715
13315,3453
13317,1141
13318,4689
